date,department,team,targeted_productivity,smv,wip,over_time,incentive,idle_time,idle_men,no_of_style_change,no_of_workers,actual_productivity
1/13/2015,sweing,5,0.7,20.79,1297.0,10440,0,0.0,0,0,58.0,0.526810345
2/4/2015,sweing,2,0.8,22.52,1263.0,6900,100,0.0,0,0,57.5,1.05028058
2/28/2015,sweing,6,0.75,18.79,1012.0,3960,45,0.0,0,0,33.0,0.75065101
3/11/2015,finishing,4,0.75,3.94,,1920,0,0.0,0,0,8.0,0.813309028
1/24/2015,finishing ,11,0.75,4.15,,1800,0,0.0,0,0,10.0,0.896022727
2/25/2015,sweing,7,0.8,30.1,786.0,7080,50,0.0,0,2,59.0,0.800115819
2/11/2015,finishing,8,0.35,4.15,,1440,0,0.0,0,0,12.0,0.994375
1/6/2015,sweing,5,0.65,21.98,808.0,10440,35,0.0,0,0,58.0,0.649983281
2/18/2015,finishing,10,0.8,3.94,,960,0,0.0,0,0,8.0,0.64025
1/27/2015,finishing ,3,0.75,3.94,,1440,0,0.0,0,0,12.0,0.861875
1/12/2015,sweing,9,0.8,26.16,1093.0,10620,75,0.0,0,0,59.0,0.850502311
1/24/2015,finishing ,12,0.7,4.08,,1620,0,0.0,0,0,9.0,0.858585859
2/8/2015,finishing,2,0.8,3.94,,2160,0,0.0,0,0,18.0,0.875555556
2/7/2015,finishing,6,0.75,2.9,,960,0,0.0,0,0,8.0,0.845833333
1/15/2015,sweing,8,0.8,25.9,1177.0,8970,60,0.0,0,0,56.5,0.850415628
1/29/2015,sweing,10,0.8,22.52,1088.0,6720,88,0.0,0,0,56.0,0.900129762
3/9/2015,finishing,8,0.65,3.9,,0,960,0.0,0,0,8.0,0.2640625
1/27/2015,sweing,3,0.75,22.52,1299.0,6840,119,0.0,0,0,57.0,1.000230409
1/4/2015,sweing,8,0.8,25.9,1039.0,6780,45,0.0,0,0,56.5,0.850345133
2/12/2015,sweing,6,0.8,18.79,779.0,3960,0,0.0,0,0,33.0,0.688017677
2/25/2015,finishing,10,0.7,2.9,,1200,0,0.0,0,0,10.0,0.845833333
1/25/2015,finishing ,2,0.75,3.94,,1440,0,0.0,0,0,8.0,0.970075758
1/14/2015,sweing,12,0.8,11.61,1159.0,2970,50,0.0,0,0,31.5,0.800313433
3/4/2015,finishing,3,0.8,4.6,,1200,0,0.0,0,0,10.0,0.939166667
1/11/2015,sweing,12,0.8,11.61,896.0,5670,50,0.0,0,0,31.5,0.800246753
3/7/2015,finishing,2,0.65,3.9,,1920,0,0.0,0,0,8.0,0.528125
1/13/2015,finishing ,7,0.8,2.9,,1440,0,0.0,0,0,8.0,0.670075758
1/29/2015,sweing,1,0.75,22.94,1579.0,6960,81,0.0,0,0,58.0,0.850362069
3/7/2015,sweing,12,0.8,15.26,986.0,4080,75,0.0,0,0,34.0,0.850520588
3/7/2015,sweing,2,0.65,16.1,626.0,4200,0,0.0,0,1,45.0,0.65024031
2/16/2015,finishing,3,0.5,4.15,,960,0,0.0,0,0,8.0,0.864583333
2/12/2015,sweing,7,0.65,30.1,909.0,7080,0,0.0,0,1,59.0,0.535677966
2/19/2015,finishing,5,0.75,5.13,,1920,0,0.0,0,0,8.0,0.631354167
1/27/2015,finishing ,8,0.65,3.94,,960,0,0.0,0,0,8.0,0.845458333
1/18/2015,sweing,9,0.8,26.16,1381.0,3660,50,0.0,0,0,59.0,0.800015009
3/5/2015,finishing,4,0.7,3.94,,960,0,0.0,0,0,8.0,0.812625
1/22/2015,sweing,6,0.8,11.61,955.0,6360,63,0.0,0,0,32.0,0.800191989
3/4/2015,finishing,4,0.7,3.94,,960,0,0.0,0,0,8.0,0.806058333
1/12/2015,finishing ,7,0.8,2.9,,1440,0,0.0,0,0,8.0,0.648106061
2/26/2015,finishing,5,0.8,4.6,,7560,0,0.0,0,0,18.0,0.921604938
2/7/2015,sweing,4,0.6,30.1,486.0,6780,30,0.0,0,1,57.0,0.600224189
1/28/2015,finishing ,10,0.8,3.94,,1200,0,0.0,0,0,10.0,0.840533333
3/4/2015,finishing,1,0.7,3.94,,960,0,0.0,0,0,8.0,0.806879167
1/5/2015,finishing ,1,0.8,3.94,,1920,0,0.0,0,0,8.0,0.961059028
1/27/2015,finishing ,5,0.5,4.15,,1440,0,0.0,0,0,12.0,0.926388889
1/14/2015,finishing ,4,0.35,4.3,,2700,0,0.0,0,0,8.0,0.908080808
2/19/2015,sweing,12,0.8,15.26,1126.0,1080,38,0.0,0,0,34.0,0.800711494
1/15/2015,finishing ,9,0.8,3.94,,1440,0,0.0,0,0,8.0,0.858143939
1/17/2015,sweing,12,0.8,11.61,1039.0,5670,63,0.0,0,0,31.5,0.800246753
2/22/2015,finishing,3,0.5,5.13,,1800,0,0.0,0,0,15.0,0.8721
3/10/2015,finishing,7,0.5,3.9,,960,0,0.0,0,0,8.0,0.560625
2/22/2015,sweing,7,0.75,30.1,627.0,6960,0,3.5,20,1,58.0,0.393548851
1/31/2015,sweing,2,0.8,22.52,1397.0,6840,113,0.0,0,0,57.0,1.000230409
1/15/2015,sweing,6,0.8,11.61,1084.0,4950,38,0.0,0,0,31.5,0.80003139
1/15/2015,sweing,5,0.7,20.79,391.0,10440,0,0.0,0,0,58.0,0.700060345
1/28/2015,sweing,11,0.5,20.1,1413.0,5880,46,0.0,0,0,54.0,0.500567308
2/14/2015,sweing,4,0.75,30.1,481.0,7140,0,0.0,0,1,59.0,0.750392157
1/25/2015,sweing,9,0.65,29.12,1086.0,10440,26,0.0,0,0,58.0,0.650407524
2/15/2015,sweing,1,0.8,22.52,1420.0,6840,113,0.0,0,0,57.0,1.000230409
1/17/2015,finishing ,2,0.8,3.94,,1800,0,0.0,0,0,10.0,0.980909091
1/20/2015,sweing,3,0.7,22.52,1134.0,8460,50,0.0,0,0,57.0,0.750037968
2/2/2015,finishing ,8,0.65,4.15,,960,0,0.0,0,0,8.0,0.561979167
3/2/2015,sweing,8,0.75,29.4,551.0,6840,45,0.0,0,0,57.0,0.750473684
2/22/2015,finishing,10,0.8,3.94,,960,0,0.0,0,0,8.0,0.385791667
2/17/2015,sweing,2,0.5,30.33,838.0,6720,0,0.0,0,1,56.0,0.361071429
2/24/2015,sweing,4,0.8,30.1,901.0,6480,50,0.0,0,1,59.0,0.800071839
2/23/2015,sweing,4,0.8,30.1,891.0,7140,38,0.0,0,1,59.0,0.800137255
3/1/2015,sweing,10,0.7,21.82,1393.0,5640,30,0.0,0,0,52.0,0.700236601
2/1/2015,finishing ,1,0.75,3.94,,2280,0,0.0,0,0,19.0,0.950438596
1/1/2015,finishing ,4,0.75,3.94,,2160,0,0.0,0,0,18.0,0.593055556
1/29/2015,finishing ,11,0.6,2.9,,960,0,0.0,0,0,8.0,0.864583333
1/20/2015,sweing,12,0.5,15.26,1352.0,3720,23,0.0,0,0,34.0,0.500290419
2/11/2015,finishing,5,0.7,4.15,,240,0,0.0,0,0,2.0,0.87
1/6/2015,finishing ,4,0.8,3.94,,4440,0,0.0,0,0,18.0,0.966781346
2/16/2015,sweing,9,0.6,18.79,2103.0,5400,0,0.0,0,1,54.0,0.329964879
1/6/2015,sweing,10,0.75,28.08,1209.0,10530,45,0.0,0,0,58.5,0.750545455
1/5/2015,finishing ,2,0.8,3.94,,960,0,0.0,0,0,8.0,0.804416667
1/5/2015,sweing,11,0.8,19.31,678.0,4800,50,0.0,0,0,55.0,0.800250962
2/1/2015,finishing ,4,0.8,4.3,,1440,0,0.0,0,0,12.0,0.845069444
1/25/2015,finishing ,1,0.7,3.94,,1440,0,0.0,0,0,8.0,0.970075758
1/18/2015,sweing,12,0.8,26.87,585.0,5670,56,0.0,0,0,31.5,0.662255892
2/7/2015,sweing,8,0.7,24.26,652.0,6840,0,300.0,37,0,57.0,0.365318713
1/24/2015,sweing,11,0.75,42.97,1282.0,10260,56,0.0,0,0,57.0,0.750041201
2/3/2015,finishing ,6,0.7,2.9,,960,0,0.0,0,0,8.0,0.495416667
3/11/2015,sweing,12,0.8,15.26,470.0,4080,63,0.0,0,0,34.0,0.800401961
1/24/2015,sweing,1,0.7,22.94,1472.0,10260,75,0.0,0,0,57.0,0.800643806
1/4/2015,finishing ,7,0.8,2.9,,960,0,0.0,0,0,8.0,0.667604167
1/8/2015,sweing,3,0.8,19.87,857.0,9900,50,0.0,0,0,55.0,0.800273829
2/7/2015,finishing,1,0.8,3.94,,1200,0,0.0,0,0,10.0,0.870083333
2/5/2015,finishing,7,0.7,3.94,,1200,0,0.0,0,0,10.0,0.8471
2/22/2015,finishing,12,0.8,5.13,,2400,0,0.0,0,0,10.0,0.78375
3/5/2015,sweing,5,0.7,27.48,230.0,6960,40,0.0,0,0,58.0,0.700424138
1/12/2015,finishing ,11,0.8,4.15,,1440,0,0.0,0,0,8.0,0.640577652
1/8/2015,sweing,11,0.35,12.52,287.0,25920,38,0.0,0,0,54.0,0.349951389
2/24/2015,finishing,6,0.75,2.9,,1800,0,0.0,0,0,15.0,0.726933333
2/18/2015,sweing,2,0.6,30.33,868.0,6840,0,0.0,0,1,57.0,0.328131579
2/1/2015,sweing,2,0.8,22.52,1396.0,6900,113,0.0,0,0,57.5,1.000671304
2/1/2015,sweing,1,0.8,22.94,1582.0,3060,113,0.0,0,0,58.5,1.000402055
1/5/2015,sweing,1,0.8,26.16,1138.0,7080,63,0.0,0,0,59.0,0.800318644
1/1/2015,sweing,3,0.75,28.08,795.0,6900,45,0.0,0,0,57.5,0.753683478
2/10/2015,finishing,6,0.75,2.9,,960,0,0.0,0,0,8.0,0.628333333
1/27/2015,sweing,11,0.5,48.18,1282.0,6480,23,0.0,0,0,54.0,0.37046657
1/25/2015,finishing ,4,0.75,4.3,,2160,0,0.0,0,0,12.0,0.952020202
2/25/2015,finishing,12,0.8,4.6,,1800,0,0.0,0,0,15.0,0.899555556
1/13/2015,finishing ,2,0.8,3.94,,1440,0,0.0,0,0,8.0,0.805909091
2/26/2015,sweing,1,0.35,26.66,1164.0,6600,23,0.0,0,2,55.0,0.378895152
2/9/2015,sweing,2,0.8,22.52,1413.0,360,70,0.0,0,0,57.0,0.900477825
2/24/2015,sweing,2,0.7,30.33,408.0,1680,30,0.0,0,1,59.0,0.700623
2/19/2015,finishing,6,0.8,2.9,,4320,0,0.0,0,0,18.0,0.785864198
1/27/2015,finishing ,12,0.7,4.15,,1080,0,0.0,0,0,9.0,0.823555556
2/19/2015,finishing,12,0.8,5.13,,2160,0,0.0,0,0,9.0,0.609583333
3/3/2015,finishing,1,0.7,3.94,,3360,0,0.0,0,0,8.0,0.555430556
1/13/2015,sweing,3,0.8,42.27,465.0,9900,54,0.0,0,0,55.0,0.705576584
2/23/2015,finishing,9,0.8,2.9,,960,0,0.0,0,0,8.0,0.3715625
1/21/2015,finishing ,11,0.7,4.15,,2700,0,0.0,0,0,9.0,0.470769231
1/19/2015,finishing ,4,0.7,4.3,,5040,0,0.0,0,0,28.0,0.977272727
2/11/2015,finishing,2,0.8,3.94,,2160,0,0.0,0,0,18.0,0.912037037
1/24/2015,sweing,4,0.75,22.52,727.0,10260,94,0.0,0,0,57.0,0.900321106
3/8/2015,sweing,4,0.75,26.82,1082.0,6840,65,0.0,0,0,57.0,0.850084211
3/9/2015,finishing,3,0.8,4.6,,0,1440,0.0,0,0,12.0,0.795416667
1/5/2015,sweing,7,0.8,25.9,1255.0,6780,50,0.0,0,0,56.5,0.800684366
1/29/2015,finishing ,12,0.75,4.08,,1080,0,0.0,0,0,9.0,0.634666667
2/26/2015,finishing,3,0.8,4.6,,6300,0,0.0,0,0,15.0,0.921703704
1/10/2015,sweing,4,0.8,28.08,660.0,10440,63,0.0,0,0,58.0,0.801028213
1/26/2015,finishing ,7,0.65,3.94,,1440,0,0.0,0,0,8.0,0.646306818
2/28/2015,finishing,1,0.5,3.94,,3360,0,0.0,0,0,8.0,0.768847222
1/22/2015,sweing,8,0.8,40.99,980.0,10770,30,0.0,0,0,56.5,0.555500132
1/19/2015,sweing,8,0.8,25.9,1380.0,3630,50,0.0,0,0,56.5,0.800162602
1/7/2015,sweing,7,0.8,25.9,1066.0,10170,50,0.0,0,0,56.5,0.800128721
3/4/2015,sweing,7,0.8,30.1,874.0,3960,50,0.0,0,0,59.0,0.800055762
2/18/2015,sweing,12,0.8,15.26,1095.0,4080,63,0.0,0,0,34.0,0.800401961
2/19/2015,finishing,3,0.5,5.13,,2880,0,0.0,0,0,12.0,0.81640625
2/15/2015,sweing,3,0.6,30.1,1361.0,6960,30,0.0,0,1,58.0,0.475718391
1/13/2015,sweing,8,0.8,25.9,1211.0,10260,60,0.0,0,0,57.0,0.850252525
2/8/2015,finishing,8,0.7,4.15,,1800,0,0.0,0,0,15.0,0.840888889
1/19/2015,finishing ,11,0.7,4.15,,1440,0,0.0,0,0,8.0,0.409545455
2/12/2015,finishing,2,0.8,3.94,,2160,0,0.0,0,0,18.0,0.601944444
2/2/2015,sweing,3,0.8,22.52,21266.0,6840,70,0.0,0,0,57.0,0.90014152
2/17/2015,sweing,3,0.7,30.1,1422.0,6960,50,0.0,0,1,58.0,0.700603448
2/26/2015,sweing,11,0.8,11.61,816.0,2820,50,0.0,0,2,57.0,0.800516667
1/4/2015,sweing,9,0.8,26.16,1278.0,7080,60,0.0,0,0,59.0,0.850569492
1/17/2015,finishing ,1,0.8,3.94,,1440,0,0.0,0,0,8.0,0.884261364
1/11/2015,sweing,2,0.8,28.08,805.0,10530,63,0.0,0,0,58.5,0.8
1/8/2015,finishing ,9,0.8,3.94,,1440,0,0.0,0,0,8.0,0.891723485
2/1/2015,sweing,4,0.8,22.52,1472.0,7020,60,0.0,0,0,58.5,0.85011396
2/18/2015,finishing,3,0.5,5.13,,960,0,0.0,0,0,8.0,0.2565
2/2/2015,finishing ,4,0.8,4.3,,1440,0,0.0,0,0,12.0,0.809236111
1/17/2015,sweing,1,0.8,48.68,171.0,10620,63,0.0,0,0,59.0,0.800117103
3/10/2015,sweing,5,0.65,26.82,1001.0,7080,26,0.0,0,1,59.0,0.650044068
2/11/2015,sweing,4,0.7,30.1,667.0,5940,40,0.0,0,1,59.5,0.700588406
1/8/2015,finishing ,1,0.8,3.94,,1440,0,0.0,0,0,8.0,0.947689394
2/5/2015,sweing,7,0.07,24.26,1608.0,6960,0,0.0,0,0,58.0,0.522844828
3/8/2015,sweing,12,0.8,15.26,1064.0,4080,63,0.0,0,0,34.0,0.800401961
2/5/2015,sweing,10,0.8,22.52,1039.0,6720,113,0.0,0,0,56.0,0.999995238
2/3/2015,sweing,11,0.7,25.31,946.0,5760,60,0.0,0,0,54.0,0.700513566
3/11/2015,finishing,9,0.75,2.9,,1800,0,0.0,0,0,15.0,0.505888889
3/9/2015,finishing,9,0.75,2.9,,0,3600,0.0,0,0,15.0,0.841
1/31/2015,sweing,1,0.75,22.94,1502.0,6960,81,0.0,0,0,58.0,0.850362069
3/2/2015,finishing,9,0.75,2.9,,1200,0,0.0,0,0,10.0,0.8004
1/10/2015,finishing ,2,0.8,3.94,,1440,0,0.0,0,0,8.0,0.817102273
3/1/2015,finishing,7,0.8,4.6,,3360,0,0.0,0,0,8.0,0.350416667
3/1/2015,sweing,9,0.75,18.79,895.0,6240,34,0.0,0,0,52.0,0.750395513
1/26/2015,finishing ,2,0.75,3.94,,1800,0,0.0,0,0,10.0,0.910378788
2/9/2015,sweing,6,0.75,18.79,708.0,4080,0,0.0,0,0,34.0,0.612517157
2/7/2015,finishing,12,0.8,4.08,,1080,0,0.0,0,0,9.0,0.899111111
2/25/2015,sweing,9,0.75,18.79,1085.0,6240,56,0.0,0,1,52.0,0.970816667
1/3/2015,sweing,9,0.7,28.08,1072.0,6900,40,0.0,0,0,57.5,0.699965217
1/28/2015,finishing ,4,0.8,4.3,,1440,0,0.0,0,0,12.0,0.722638889
2/26/2015,sweing,2,0.7,30.33,398.0,6960,0,0.0,0,1,58.0,0.66237931
1/31/2015,finishing ,3,0.8,3.94,,960,0,0.0,0,0,8.0,0.971866667
1/15/2015,sweing,4,0.65,22.52,872.0,10080,26,0.0,0,0,56.0,0.650130952
1/7/2015,sweing,6,0.8,11.41,986.0,5490,50,0.0,0,0,30.5,0.800343766
1/6/2015,finishing ,2,0.8,3.94,,1440,0,0.0,0,0,8.0,0.805909091
3/11/2015,sweing,8,0.7,30.48,914.0,6840,30,0.0,0,1,57.0,0.700505263
1/21/2015,finishing ,9,0.8,3.94,,2400,0,0.0,0,0,8.0,0.827147436
2/12/2015,sweing,10,0.8,22.52,10.0,6000,0,0.0,0,0,50.0,0.441392
2/19/2015,sweing,4,0.8,30.1,859.0,7020,63,0.0,0,1,58.5,0.800094017
2/16/2015,finishing,6,0.8,2.9,,960,0,0.0,0,0,8.0,0.773333333
1/6/2015,finishing ,10,0.75,3.94,,1440,0,0.0,0,0,8.0,0.809640152
2/24/2015,finishing,10,0.7,2.9,,1800,0,0.0,0,0,15.0,0.902222222
2/22/2015,sweing,5,0.8,30.1,450.0,5700,0,4.5,25,0,60.0,0.307501459
2/10/2015,finishing,9,0.8,3.94,,960,0,0.0,0,0,8.0,0.6895
2/14/2015,sweing,1,0.8,22.52,1416.0,6840,113,0.0,0,0,57.0,1.000230409
1/24/2015,sweing,9,0.6,29.12,925.0,6660,23,0.0,0,0,58.0,0.600125217
1/10/2015,finishing ,5,0.5,4.15,,1440,0,0.0,0,0,8.0,0.337973485
3/5/2015,finishing,8,0.8,4.6,,2640,0,0.0,0,0,22.0,0.980984848
1/17/2015,sweing,7,0.8,25.9,1396.0,10170,50,0.0,0,0,56.5,0.800128721
2/18/2015,sweing,11,0.7,11.41,685.0,3360,30,0.0,0,2,56.0,0.8211125
2/3/2015,sweing,6,0.7,18.79,913.0,4020,30,0.0,0,0,33.5,0.700184577
1/26/2015,sweing,12,0.7,15.26,1337.0,6120,40,0.0,0,0,34.0,0.70043672
1/19/2015,sweing,1,0.5,22.94,1492.0,10170,30,0.0,0,0,56.5,0.549969429
3/8/2015,finishing,9,0.75,2.9,,1080,0,0.0,0,0,9.0,0.929074074
3/11/2015,finishing,3,0.8,4.6,,1920,0,0.0,0,0,8.0,0.786631944
3/7/2015,sweing,4,0.7,26.82,1195.0,6960,60,0.0,0,0,58.0,0.800746552
3/8/2015,sweing,3,0.8,30.1,1278.0,3360,50,0.0,0,1,57.0,0.800511068
1/27/2015,sweing,6,0.8,30.4,338.0,3840,34,0.0,0,0,32.0,0.622828125
2/24/2015,sweing,12,0.8,15.26,1062.0,4080,50,0.0,0,0,34.0,0.800401961
1/28/2015,finishing ,12,0.75,4.08,,1080,0,0.0,0,0,9.0,0.755555556
1/8/2015,finishing ,10,0.75,3.94,,1440,0,0.0,0,0,8.0,0.779791667
3/10/2015,sweing,7,0.6,30.48,1017.0,6840,25,0.0,0,1,57.0,0.630402924
3/10/2015,finishing,11,0.8,2.9,,960,0,0.0,0,0,8.0,0.758229167
2/8/2015,sweing,9,0.8,29.12,909.0,6960,50,0.0,0,0,58.0,0.799963218
1/4/2015,finishing ,11,0.75,4.15,,960,0,0.0,0,0,8.0,0.345833333
2/19/2015,sweing,1,0.8,22.52,265.0,3840,63,0.0,0,0,57.0,0.800470513
3/2/2015,sweing,4,0.65,26.66,832.0,6780,55,0.0,0,0,57.0,0.750254867
1/28/2015,finishing ,2,0.8,3.94,,1800,0,0.0,0,0,15.0,0.902222222
1/25/2015,sweing,5,0.7,20.4,1217.0,10440,50,0.0,0,0,58.0,0.700250784
1/17/2015,sweing,10,0.65,22.52,1163.0,9720,35,0.0,0,0,54.0,0.650198653
1/1/2015,sweing,8,0.8,26.16,1108.0,7080,98,0.0,0,0,59.0,0.940725424
3/10/2015,sweing,9,0.75,18.79,1247.0,6240,45,0.0,0,0,52.0,0.750395513
2/1/2015,sweing,10,0.8,22.52,1282.0,6720,75,0.0,0,0,56.0,0.850532143
1/11/2015,sweing,10,0.8,28.08,762.0,10530,38,0.0,0,0,58.5,0.8
1/19/2015,sweing,9,0.8,26.16,1196.0,10620,63,0.0,0,0,59.0,0.800117103
2/1/2015,sweing,8,0.6,24.26,1196.0,6600,0,0.0,0,0,55.0,0.466821212
2/28/2015,finishing,8,0.75,4.6,,3360,0,0.0,0,0,8.0,0.376597222
2/10/2015,finishing,4,0.7,4.15,,1800,0,0.0,0,0,15.0,0.796755556
1/17/2015,finishing ,10,0.8,3.94,,1440,0,0.0,0,0,8.0,0.974621212
3/11/2015,finishing,2,0.75,3.9,,1920,0,0.0,0,0,8.0,0.819270833
2/24/2015,sweing,6,0.75,18.79,913.0,3360,45,0.0,0,0,33.0,0.75065101
3/9/2015,sweing,5,0.6,26.82,919.0,7080,23,0.0,0,1,59.0,0.600040678
2/8/2015,sweing,3,0.8,22.52,1283.0,6720,88,0.0,0,0,56.0,0.900129762
2/28/2015,finishing,2,0.7,3.9,,960,0,0.0,0,0,8.0,0.5565625
3/10/2015,sweing,2,0.7,16.1,957.0,5400,40,0.0,0,1,45.0,0.700051852
1/3/2015,finishing ,9,0.8,4.15,,960,0,0.0,0,0,8.0,0.956270833
1/26/2015,sweing,11,0.35,28.08,749.0,10260,23,0.0,0,0,57.0,0.350066986
2/10/2015,sweing,6,0.75,18.79,640.0,2400,0,0.0,0,0,34.0,0.750797009
3/9/2015,sweing,1,0.75,26.82,1322.0,7140,65,0.0,0,0,59.0,0.850426891
1/26/2015,finishing ,5,0.7,4.15,,2700,0,0.0,0,0,15.0,0.959191919
1/5/2015,finishing ,9,0.8,2.9,,1920,0,0.0,0,0,8.0,0.820833333
1/25/2015,finishing ,8,0.8,2.9,,720,0,0.0,0,0,4.0,0.329545455
3/3/2015,finishing,10,0.7,2.9,,3360,0,0.0,0,0,8.0,0.463194444
1/24/2015,finishing ,3,0.75,3.94,,1440,0,0.0,0,0,8.0,0.895454545
2/2/2015,sweing,12,0.8,15.26,12261.0,3600,63,0.0,0,0,35.0,0.800401961
2/26/2015,finishing,10,0.7,2.9,,3360,0,0.0,0,0,8.0,0.410833333
2/3/2015,finishing ,2,0.8,3.94,,2400,0,0.0,0,0,20.0,1.001416667
3/4/2015,sweing,4,0.7,26.82,1028.0,6960,60,0.0,0,0,58.0,0.799975862
2/18/2015,finishing,9,0.8,3.94,,960,0,0.0,0,0,8.0,0.549791667
2/17/2015,sweing,11,0.7,11.41,1054.0,3420,30,0.0,0,2,56.0,0.700614035
3/3/2015,finishing,4,0.7,3.94,,3360,0,0.0,0,0,8.0,0.555430556
1/31/2015,sweing,7,0.7,23.54,1109.0,6720,0,0.0,0,0,56.0,0.388830357
1/21/2015,sweing,9,0.8,54.56,757.0,4140,29,0.0,0,0,58.0,0.520237649
2/14/2015,sweing,3,0.5,30.1,1261.0,6960,30,0.0,0,1,58.0,0.500801724
3/7/2015,finishing,6,0.5,2.9,,960,0,0.0,0,0,8.0,0.7975
1/19/2015,finishing ,8,0.8,2.9,,1440,0,0.0,0,0,8.0,0.683806818
1/3/2015,finishing ,11,0.75,2.9,,5640,0,0.0,0,0,17.0,0.987880435
1/28/2015,sweing,2,0.8,22.52,1559.0,6840,90,0.0,0,0,57.0,1.000230409
2/19/2015,sweing,3,0.7,30.1,247.0,6960,50,0.0,0,1,58.0,0.700603448
3/9/2015,finishing,11,0.8,2.9,,0,960,0.0,0,0,8.0,0.960625
2/28/2015,sweing,11,0.8,11.61,954.0,0,50,0.0,0,2,58.0,0.800779018
1/19/2015,sweing,10,0.7,22.52,938.0,10080,63,0.0,0,0,56.0,0.750057359
1/18/2015,finishing ,9,0.8,3.94,,1800,0,0.0,0,0,10.0,0.582045455
2/7/2015,finishing,4,0.8,4.3,,960,0,0.0,0,0,8.0,0.447916667
3/9/2015,sweing,9,0.75,18.79,1193.0,6240,45,0.0,0,0,52.0,0.750395513
1/26/2015,finishing ,4,0.75,4.3,,2160,0,0.0,0,0,12.0,0.963699495
1/6/2015,finishing ,8,0.8,2.9,,1440,0,0.0,0,0,8.0,0.681060606
1/29/2015,finishing ,2,0.8,3.94,,1200,0,0.0,0,0,10.0,0.773333333
1/31/2015,sweing,11,0.65,20.1,1417.0,6480,49,0.0,0,0,54.0,0.650148148
1/15/2015,sweing,3,0.5,22.52,1102.0,10170,30,0.0,0,0,56.5,0.660683293
2/22/2015,sweing,9,0.7,18.79,1717.0,3240,30,0.0,0,1,57.0,0.627011183
1/12/2015,finishing ,9,0.8,3.94,,1440,0,0.0,0,0,8.0,0.858143939
1/31/2015,sweing,10,0.8,22.52,1116.0,6720,93,0.0,0,0,56.0,0.920236905
3/4/2015,sweing,11,0.8,11.41,433.0,0,38,0.0,0,0,56.0,0.800701754
1/8/2015,sweing,9,0.8,26.16,1216.0,10620,88,0.0,0,0,59.0,0.900215716
2/8/2015,sweing,1,0.8,22.52,1615.0,6780,88,0.0,0,0,56.5,0.900135693
1/12/2015,sweing,7,0.8,25.9,1031.0,10170,60,0.0,0,0,56.5,0.850136766
2/28/2015,sweing,1,0.5,26.66,1448.0,6840,30,0.0,0,2,57.0,0.550349708
1/31/2015,finishing ,4,0.8,3.94,,1200,0,0.0,0,0,10.0,0.971866667
2/2/2015,sweing,7,0.7,24.26,2698.0,6720,0,0.0,0,0,56.0,0.295307738
1/10/2015,finishing ,1,0.8,3.94,,2160,0,0.0,0,0,8.0,0.985
3/1/2015,sweing,5,0.6,27.48,549.0,6720,38,0.0,0,0,56.0,0.707446429
2/25/2015,sweing,12,0.8,15.26,1053.0,4080,50,0.0,0,0,34.0,0.800401961
1/5/2015,sweing,9,0.8,26.16,1227.0,7080,75,0.0,0,0,59.0,0.850569492
2/1/2015,sweing,11,0.7,20.1,1192.0,6120,75,0.0,0,0,54.0,0.700508929
2/24/2015,finishing,2,0.7,3.9,,960,0,0.0,0,0,8.0,0.325
2/12/2015,finishing,9,0.8,3.94,,960,0,0.0,0,0,8.0,0.656666667
1/15/2015,finishing ,7,0.8,2.9,,1440,0,0.0,0,0,8.0,0.689299242
1/8/2015,finishing ,3,0.75,4.15,,2160,0,0.0,0,0,12.0,0.712626263
2/8/2015,finishing,6,0.75,2.9,,960,0,0.0,0,0,8.0,0.610208333
1/17/2015,sweing,8,0.8,25.9,1292.0,10170,50,0.0,0,0,56.5,0.800128721
1/19/2015,sweing,3,0.7,22.52,1095.0,10170,50,0.0,0,0,56.5,0.750062751
1/6/2015,finishing ,11,0.8,4.15,,2700,0,0.0,0,0,15.0,0.888686869
1/10/2015,sweing,3,0.75,19.87,1075.0,7080,45,0.0,0,0,56.0,0.750098351
2/26/2015,sweing,8,0.75,29.4,916.0,6960,56,0.0,0,2,58.0,0.750206897
3/3/2015,sweing,3,0.8,29.4,1156.0,6840,50,0.0,0,0,57.0,0.800333333
2/25/2015,sweing,4,0.8,30.1,323.0,4080,50,0.0,0,1,59.0,0.800808642
3/7/2015,sweing,6,0.5,23.41,1379.0,2280,0,0.0,0,1,39.0,0.500528095
3/8/2015,sweing,6,0.6,23.41,1266.0,2520,23,0.0,0,1,38.0,0.601037091
1/22/2015,finishing ,5,0.7,4.15,,9000,0,0.0,0,0,15.0,0.742901235
1/12/2015,finishing ,1,0.8,3.94,,1440,0,0.0,0,0,8.0,0.955151515
2/28/2015,finishing,6,0.75,2.9,,3360,0,0.0,0,0,8.0,0.271875
1/7/2015,sweing,8,0.8,25.9,1135.0,10170,60,0.0,0,0,56.5,0.850136766
1/21/2015,sweing,5,0.7,20.4,1404.0,10440,50,0.0,0,0,58.0,0.750344828
1/11/2015,finishing ,4,0.8,3.94,,3600,0,0.0,0,0,20.0,0.925643939
1/1/2015,finishing,11,0.7,4.15,,1440,0,0.0,0,0,12.0,0.436326389
2/23/2015,finishing,3,0.8,5.13,,2160,0,0.0,0,0,18.0,0.87115
1/10/2015,finishing ,10,0.8,3.94,,1440,0,0.0,0,0,8.0,0.846950758
2/3/2015,finishing ,8,0.7,4.15,,960,0,0.0,0,0,8.0,0.976979167
1/25/2015,finishing ,3,0.75,3.94,,1620,0,0.0,0,0,9.0,0.961784512
2/11/2015,sweing,6,0.8,18.79,656.0,3480,38,0.0,0,0,34.0,0.800947475
1/26/2015,sweing,9,0.7,29.12,1143.0,10440,40,0.0,0,0,58.0,0.70061442
1/22/2015,finishing ,8,0.8,2.9,,4800,0,0.0,0,0,8.0,0.397743056
2/24/2015,sweing,11,0.75,11.61,698.0,3360,34,0.0,0,2,57.0,0.750437269
1/19/2015,finishing ,9,0.8,3.94,,1800,0,0.0,0,0,10.0,0.964106061
1/1/2015,finishing ,7,0.8,2.9,,960,0,0.0,0,0,8.0,0.540729167
2/26/2015,sweing,6,0.75,18.79,912.0,3960,45,0.0,0,0,33.0,0.75065101
1/5/2015,sweing,4,0.8,28.08,759.0,6900,50,0.0,0,0,57.5,0.800076522
3/8/2015,sweing,8,0.6,30.48,869.0,6720,0,0.0,0,1,56.0,0.600528571
1/31/2015,finishing ,9,0.75,3.94,,240,0,0.0,0,0,2.0,0.971866667
2/2/2015,finishing ,1,0.75,3.94,,2280,0,0.0,0,0,19.0,0.504596491
1/21/2015,sweing,11,0.7,14.89,1735.0,10260,50,0.0,0,0,57.0,0.700170388
2/7/2015,sweing,12,0.8,15.26,1021.0,4080,63,0.0,0,0,34.0,0.800401961
1/14/2015,finishing ,1,0.8,3.94,,1440,0,0.0,0,0,8.0,0.891723485
1/31/2015,finishing ,12,0.75,4.08,,1080,0,0.0,0,0,9.0,0.971866667
2/2/2015,sweing,10,0.8,22.52,21540.0,6720,88,0.0,0,0,56.0,0.900129762
2/16/2015,finishing,12,0.8,4.08,,1080,0,0.0,0,0,9.0,0.891555556
1/31/2015,finishing ,11,0.65,3.94,,600,0,0.0,0,0,5.0,0.971866667
1/19/2015,sweing,6,0.8,11.41,1028.0,4380,50,0.0,0,0,31.0,0.800358775
2/25/2015,finishing,2,0.7,3.9,,960,0,0.0,0,0,8.0,0.440375
2/2/2015,sweing,5,0.5,30.1,839.0,6960,0,0.0,0,0,58.0,0.500801724
3/1/2015,sweing,1,0.6,26.66,1578.0,6840,38,0.0,0,0,57.0,0.700019883
3/5/2015,sweing,6,0.35,22.53,1450.0,2640,0,0.0,0,1,39.0,0.26369382
2/12/2015,finishing,12,0.8,4.08,,1080,0,0.0,0,0,9.0,0.838666667
3/11/2015,sweing,7,0.65,30.48,935.0,6840,26,0.0,0,1,57.0,0.650596491
1/22/2015,sweing,7,0.6,22.52,1859.0,10260,23,0.0,0,0,57.0,0.60041361
1/6/2015,sweing,9,0.8,26.16,1305.0,10620,75,0.0,0,0,59.0,0.850502311
2/16/2015,sweing,5,0.8,30.1,461.0,0,0,0.0,0,0,59.0,0.800980392
2/8/2015,sweing,7,0.7,24.26,148.0,6960,0,0.0,0,0,58.0,0.355534483
1/24/2015,finishing ,7,0.65,3.94,,2160,0,0.0,0,0,12.0,0.870580808
1/5/2015,sweing,5,0.6,21.98,666.0,6960,23,0.0,0,0,58.0,0.600028736
1/21/2015,sweing,6,0.8,11.61,916.0,5760,75,0.0,0,0,89.0,0.850410511
2/3/2015,finishing ,12,0.8,4.08,,1080,0,0.0,0,0,9.0,0.778222222
3/3/2015,finishing,8,0.75,4.6,,3360,0,0.0,0,0,8.0,0.702777778
2/28/2015,sweing,9,0.75,18.79,841.0,6240,45,0.0,0,1,52.0,0.750395513
1/12/2015,finishing ,4,0.35,4.3,,3240,0,0.0,0,0,18.0,0.942213805
1/14/2015,sweing,5,0.7,20.79,965.0,7320,0,0.0,0,0,58.0,0.700095563
2/16/2015,finishing,4,0.75,4.15,,1800,0,0.0,0,0,15.0,0.722333333
3/2/2015,finishing,2,0.7,3.9,,1200,0,0.0,0,0,10.0,0.92885
2/3/2015,finishing ,4,0.8,4.3,,1440,0,0.0,0,0,12.0,0.5375
2/1/2015,sweing,3,0.8,22.52,1124.0,6840,100,0.0,0,0,57.0,0.950185965
3/9/2015,sweing,4,0.75,26.82,1079.0,7020,65,0.0,0,0,58.0,0.850446154
1/18/2015,sweing,11,0.65,14.89,1140.0,10260,44,0.0,0,0,57.0,0.650299575
2/15/2015,finishing,4,0.75,4.15,,2400,0,0.0,0,0,20.0,0.287041667
2/7/2015,sweing,10,0.8,22.52,1142.0,6720,88,0.0,0,0,56.0,0.900129762
2/15/2015,finishing,5,0.75,4.15,,240,0,0.0,0,0,2.0,0.760833333
2/5/2015,sweing,2,0.8,22.52,1300.0,6780,113,0.0,0,0,56.5,1.000446018
3/5/2015,finishing,2,0.6,3.9,,960,0,0.0,0,0,8.0,0.950625
1/21/2015,sweing,12,0.6,15.26,1245.0,6360,23,0.0,0,0,34.0,0.60017284
1/28/2015,sweing,4,0.8,22.52,1342.0,6780,50,0.0,0,0,56.5,0.800489676
1/26/2015,finishing ,3,0.75,3.94,,1800,0,0.0,0,0,10.0,1.059621212
3/5/2015,sweing,11,0.8,11.41,455.0,3420,50,0.0,0,0,56.0,0.800701754
2/22/2015,sweing,3,0.7,30.1,1041.0,8160,33,0.0,0,2,58.0,0.626577778
3/3/2015,sweing,10,0.7,21.82,1313.0,5040,30,0.0,0,0,51.0,0.699984417
2/22/2015,sweing,4,0.8,30.1,922.0,5820,63,0.0,0,1,59.0,0.80000295
1/22/2015,sweing,2,0.7,22.94,1510.0,10620,60,0.0,0,0,57.0,0.800302791
1/20/2015,finishing ,11,0.7,4.15,,2700,0,0.0,0,0,15.0,0.362666667
2/5/2015,finishing,2,0.8,3.94,,2640,0,0.0,0,0,22.0,0.999924242
2/7/2015,sweing,1,0.8,22.52,1534.0,6780,88,0.0,0,0,57.0,0.900135693
3/9/2015,sweing,8,0.65,30.48,953.0,6720,26,0.0,0,1,56.0,0.650421429
3/11/2015,finishing,7,0.65,3.9,,960,0,0.0,0,0,8.0,0.625625
1/14/2015,sweing,1,0.8,26.16,1092.0,10620,63,0.0,0,0,59.0,0.800117103
1/18/2015,finishing ,7,0.8,2.9,,1440,0,0.0,0,0,8.0,0.692045455
1/17/2015,sweing,11,0.6,14.89,1027.0,10080,38,0.0,0,0,56.0,0.600273268
2/16/2015,finishing,7,0.7,4.15,,1800,0,0.0,0,0,15.0,0.258
2/25/2015,sweing,8,0.7,29.4,847.0,6960,30,0.0,0,1,58.0,0.700362069
2/28/2015,sweing,7,0.8,30.1,644.0,840,38,0.0,0,1,59.0,0.799982853
2/12/2015,sweing,9,0.8,29.12,14.0,6960,0,0.0,0,0,58.0,0.497885057
1/19/2015,sweing,4,0.7,22.52,930.0,10260,63,0.0,0,0,57.0,0.750068049
2/14/2015,finishing,1,0.8,3.94,,1440,0,0.0,0,0,12.0,0.796208333
1/7/2015,sweing,10,0.75,28.08,1144.0,10530,69,0.0,0,0,58.5,0.8
2/12/2015,sweing,3,0.35,30.1,770.0,6960,0,0.0,0,1,58.0,0.350301724
1/22/2015,finishing ,6,0.8,2.9,,4800,0,0.0,0,0,8.0,0.626822917
1/13/2015,finishing ,3,0.8,4.15,,1620,0,0.0,0,0,9.0,0.901262626
2/19/2015,sweing,11,0.7,11.41,653.0,3480,30,0.0,0,2,58.0,0.700540441
2/19/2015,sweing,7,0.75,30.1,444.0,0,0,5.0,20,1,59.0,0.611140537
1/11/2015,sweing,5,0.6,20.79,1208.0,7980,0,0.0,0,0,57.0,0.452979626
2/17/2015,finishing,12,0.8,5.13,,1080,0,0.0,0,0,9.0,0.9025
1/17/2015,sweing,4,0.7,22.52,825.0,10170,50,0.0,0,0,56.5,0.7005417
1/11/2015,sweing,6,0.8,11.41,887.0,5490,50,0.0,0,0,30.5,0.800343766
1/24/2015,sweing,8,0.35,15.09,1448.0,9360,23,0.0,0,0,52.0,0.34998951
1/11/2015,finishing ,11,0.8,4.15,,1440,0,0.0,0,0,8.0,0.668087121
1/27/2015,sweing,2,0.75,22.52,1635.0,6840,119,0.0,0,0,57.0,1.000230409
3/9/2015,sweing,3,0.8,30.1,964.0,5160,50,0.0,0,1,58.0,0.800842424
1/12/2015,sweing,3,0.8,19.87,941.0,9900,0,0.0,0,0,55.0,0.800273829
2/28/2015,sweing,10,0.7,21.82,1448.0,6120,40,0.0,0,1,51.0,0.700236601
2/2/2015,finishing ,12,0.75,4.08,,1080,0,0.0,0,0,9.0,0.740444444
1/5/2015,sweing,2,0.8,28.08,757.0,6900,50,0.0,0,0,57.5,0.800076522
2/24/2015,sweing,7,0.75,30.1,739.0,5640,45,0.0,0,1,59.0,0.750727326
1/27/2015,finishing ,2,0.75,3.94,,1200,0,0.0,0,0,10.0,0.788
3/2/2015,sweing,10,0.7,21.82,1511.0,3600,30,0.0,0,0,51.0,0.70013604
1/1/2015,sweing,11,0.8,11.41,968.0,3660,50,0.0,0,0,30.5,0.800570492
1/15/2015,sweing,9,0.8,26.16,1369.0,10620,63,0.0,0,0,59.0,0.800117103
1/6/2015,finishing ,1,0.8,3.94,,1440,0,0.0,0,0,8.0,0.936496212
1/24/2015,sweing,3,0.75,22.52,1266.0,10260,69,0.0,0,0,57.0,0.80035194
2/26/2015,finishing,6,0.75,2.9,,3360,0,0.0,0,0,8.0,0.271875
2/17/2015,sweing,7,0.7,30.1,562.0,840,30,0.0,0,1,59.0,0.700888203
3/10/2015,finishing,4,0.75,3.94,,960,0,0.0,0,0,8.0,0.881575
2/28/2015,sweing,12,0.8,15.26,1194.0,1700,62,0.0,0,0,34.0,0.800260821
1/8/2015,finishing ,8,0.8,2.9,,1440,0,0.0,0,0,8.0,0.735984848
2/4/2015,sweing,5,0.65,30.1,326.0,5820,0,90.0,10,0,58.5,0.650834808
2/5/2015,sweing,9,0.8,29.12,1069.0,6960,50,0.0,0,0,58.0,0.799963218
1/10/2015,finishing ,11,0.8,4.15,,1440,0,0.0,0,0,8.0,0.817424242
1/12/2015,sweing,10,0.8,50.48,381.0,6930,45,0.0,0,0,58.5,0.688557555
1/27/2015,sweing,12,0.7,15.26,1462.0,4080,40,0.0,0,0,34.0,0.700164706
2/11/2015,finishing,9,0.8,3.94,,960,0,0.0,0,0,8.0,0.54175
1/28/2015,sweing,9,0.7,29.12,1340.0,6960,63,0.0,0,0,58.0,0.750593103
3/8/2015,sweing,11,0.8,11.41,313.0,3420,50,0.0,0,0,58.0,0.800034503
1/11/2015,finishing ,2,0.8,3.94,,1440,0,0.0,0,0,8.0,0.820833333
2/16/2015,finishing,9,0.8,3.94,,1200,0,0.0,0,0,10.0,0.960433333
1/8/2015,finishing ,2,0.8,3.94,,1440,0,0.0,0,0,8.0,0.835757576
1/1/2015,finishing ,1,0.75,3.94,,960,0,0.0,0,0,8.0,0.8865
1/18/2015,sweing,2,0.65,22.94,1025.0,10170,26,0.0,0,0,56.5,0.650243497
1/7/2015,finishing ,3,0.75,4.15,,2700,0,0.0,0,0,15.0,0.83
1/10/2015,sweing,12,0.8,11.61,893.0,4710,50,0.0,0,0,31.5,0.800346445
1/29/2015,sweing,2,0.8,22.52,1416.0,6840,113,0.0,0,0,57.0,1.000230409
2/1/2015,finishing ,8,0.65,4.15,,960,0,0.0,0,0,8.0,1.0115625
1/22/2015,sweing,10,0.75,22.52,1328.0,10080,55,0.0,0,0,56.0,0.800020563
1/12/2015,sweing,6,0.8,11.41,843.0,5670,50,0.0,0,0,31.5,0.800181818
2/10/2015,sweing,4,0.7,30.1,855.0,7020,40,0.0,0,1,58.0,0.700618234
1/17/2015,sweing,9,0.8,26.16,1128.0,10620,63,0.0,0,0,59.0,0.800117103
1/4/2015,sweing,10,0.7,28.08,1202.0,6900,40,0.0,0,0,57.5,0.699965217
1/11/2015,sweing,9,0.8,26.16,1095.0,10620,88,0.0,0,0,59.0,0.900215716
1/22/2015,finishing ,2,0.7,3.94,,15000,0,0.0,0,0,25.0,0.649662222
2/3/2015,sweing,1,0.8,22.52,1500.0,6900,113,0.0,0,0,57.5,1.000018551
3/4/2015,sweing,8,0.8,29.4,30.0,6840,0,0.0,0,0,57.0,0.433263158
1/13/2015,finishing ,8,0.8,2.9,,1440,0,0.0,0,0,8.0,0.681060606
3/4/2015,sweing,3,0.8,29.4,1169.0,6840,63,0.0,0,0,57.0,0.800333333
2/10/2015,sweing,8,0.5,30.1,1061.0,6960,30,0.0,0,1,58.0,0.393548851
2/9/2015,sweing,4,0.7,30.1,767.0,3300,50,0.0,0,1,57.0,0.790003236
2/28/2015,finishing,9,0.75,2.9,,960,0,0.0,0,0,8.0,0.4078125
2/16/2015,sweing,4,0.75,30.1,912.0,7020,0,0.0,0,1,58.0,0.750356125
1/18/2015,sweing,3,0.65,22.52,1138.0,10170,35,0.0,0,0,56.5,0.650416734
1/5/2015,finishing ,5,0.6,2.9,,960,0,0.0,0,0,8.0,0.759270833
2/28/2015,sweing,5,0.5,27.48,609.0,6840,30,0.0,0,1,57.0,0.550403509
2/26/2015,finishing,8,0.75,4.6,,3360,0,0.0,0,0,8.0,0.376597222
1/13/2015,sweing,4,0.5,22.4,783.0,10170,23,0.0,0,0,56.5,0.500380799
1/25/2015,sweing,6,0.8,11.61,1181.0,5760,63,0.0,0,0,32.0,0.800386364
2/4/2015,sweing,3,0.8,22.52,968.0,6840,113,0.0,0,0,57.0,1.000230409
3/4/2015,finishing,7,0.8,4.6,,8400,0,0.0,0,0,20.0,0.684888889
2/15/2015,sweing,4,0.75,30.1,919.0,7140,0,0.0,0,1,59.5,0.598627451
2/23/2015,sweing,11,0.75,11.41,826.0,2820,0,0.0,0,2,58.0,0.750293939
2/17/2015,sweing,12,0.8,15.26,1133.0,4080,38,0.0,0,0,34.0,0.800401961
1/11/2015,sweing,1,0.8,26.16,1383.0,10620,75,0.0,0,0,59.0,0.850502311
2/25/2015,finishing,6,0.75,2.9,,960,0,0.0,0,0,8.0,0.410833333
3/10/2015,finishing,3,0.8,4.6,,1440,0,0.0,0,0,12.0,0.894444444
2/15/2015,sweing,12,0.8,15.26,1120.0,1440,50,0.0,0,0,34.0,0.800806306
3/9/2015,finishing,2,0.7,3.9,,0,1200,0.0,0,0,10.0,0.6825
1/29/2015,finishing ,8,0.65,4.15,,960,0,0.0,0,0,8.0,0.877552083
3/3/2015,finishing,12,0.8,4.6,,3780,0,0.0,0,0,9.0,0.636049383
1/29/2015,sweing,12,0.75,15.26,1436.0,4200,45,0.0,0,0,35.0,0.750646667
3/10/2015,sweing,1,0.75,26.82,1574.0,7080,75,0.0,0,0,59.0,0.900061017
1/18/2015,finishing ,10,0.7,3.94,,1440,0,0.0,0,0,8.0,0.235795455
2/4/2015,sweing,11,0.7,10.05,1042.0,6120,60,0.0,0,0,53.0,0.700278846
2/3/2015,sweing,12,0.8,15.26,1029.0,2040,50,0.0,0,0,35.0,0.800259023
3/9/2015,finishing,5,0.6,3.94,,0,2880,0.0,0,0,12.0,0.864342593
1/10/2015,sweing,9,0.8,26.16,1122.0,10620,75,0.0,0,0,59.0,0.851174114
1/4/2015,sweing,7,0.8,25.9,1227.0,7020,60,0.0,0,0,56.5,0.850436438
2/4/2015,finishing ,12,0.8,4.08,,1080,0,0.0,0,0,9.0,0.687555556
3/5/2015,sweing,9,0.75,18.79,1228.0,6240,45,0.0,0,0,52.0,0.750395513
2/8/2015,sweing,8,0.7,24.26,154.0,6840,0,0.0,0,0,57.0,0.353259649
2/4/2015,sweing,12,0.8,15.26,1094.0,4080,38,0.0,0,0,34.0,0.800401961
1/20/2015,sweing,5,0.7,20.4,1352.0,10260,50,0.0,0,0,57.0,0.700063796
2/3/2015,sweing,3,0.8,22.52,1112.0,6840,100,0.0,0,0,57.0,0.950185965
3/5/2015,sweing,12,0.8,15.26,959.0,4080,50,0.0,0,0,34.0,0.800401961
1/14/2015,sweing,7,0.8,25.9,1150.0,10170,70,0.0,0,0,56.5,0.900144811
2/4/2015,sweing,10,0.8,22.52,1108.0,6720,113,0.0,0,0,56.0,0.999995238
1/27/2015,sweing,9,0.7,29.12,1294.0,6960,50,0.0,0,0,58.0,0.700386207
2/5/2015,sweing,1,0.8,22.52,1485.0,6900,113,0.0,0,0,57.5,1.000018551
3/4/2015,sweing,6,0.75,18.79,52.0,3960,0,0.0,0,0,33.0,0.332146465
1/5/2015,finishing ,11,0.8,3.94,,2400,0,0.0,0,0,10.0,0.939513889
3/3/2015,sweing,9,0.75,18.79,1096.0,6240,34,0.0,0,0,52.0,0.750395513
3/4/2015,sweing,9,0.75,18.79,1206.0,6240,34,0.0,0,0,52.0,0.750395513
1/17/2015,finishing ,8,0.8,2.9,,1440,0,0.0,0,0,8.0,0.675568182
3/2/2015,finishing,10,0.7,2.9,,3360,0,0.0,0,0,8.0,0.632361111
2/26/2015,finishing,2,0.7,3.9,,960,0,0.0,0,0,8.0,0.5565625
3/3/2015,sweing,7,0.8,30.1,29.0,7080,50,0.0,0,0,59.0,0.800115819
2/2/2015,sweing,8,0.65,24.26,1435.0,6600,0,0.0,0,0,55.0,0.260978788
2/12/2015,finishing,8,0.35,4.15,,1440,0,0.0,0,0,12.0,0.755486111
3/3/2015,sweing,12,0.8,15.26,983.0,4080,50,0.0,0,0,34.0,0.800401961
1/3/2015,finishing ,3,0.75,3.94,,1560,0,0.0,0,0,8.0,0.945277778
2/14/2015,sweing,11,0.6,11.41,1039.0,2280,23,0.0,0,2,55.0,0.600447507
1/31/2015,finishing ,8,0.65,3.94,,960,0,0.0,0,0,8.0,0.971866667
1/28/2015,finishing ,1,0.75,3.94,,1200,0,0.0,0,0,10.0,0.9456
1/11/2015,sweing,11,0.6,12.52,831.0,9540,30,0.0,0,0,53.0,0.600229846
2/15/2015,sweing,9,0.5,18.79,1688.0,5280,0,0.0,0,1,54.0,0.283054487
2/1/2015,finishing ,10,0.8,3.94,,1200,0,0.0,0,0,10.0,0.8865
3/3/2015,sweing,11,0.8,11.41,601.0,0,50,0.0,0,0,56.0,0.800701754
3/8/2015,finishing,2,0.7,3.9,,1200,0,0.0,0,0,10.0,0.884
1/28/2015,sweing,7,0.6,23.54,958.0,6600,0,0.0,0,0,55.0,0.285333333
1/14/2015,finishing ,2,0.8,3.94,,1260,0,0.0,0,0,8.0,0.247316017
1/13/2015,sweing,6,0.8,11.61,1004.0,5670,50,0.0,0,0,31.5,0.800246753
1/18/2015,sweing,1,0.8,49.1,1381.0,10350,24,0.0,0,0,57.5,0.403242161
3/11/2015,sweing,1,0.75,26.82,1322.0,7080,45,0.0,0,0,59.0,0.750050847
1/7/2015,sweing,9,0.8,26.16,1324.0,10620,75,0.0,0,0,59.0,0.850502311
3/7/2015,finishing,5,0.35,3.94,,2400,0,0.0,0,0,10.0,0.80575
2/17/2015,finishing,6,0.8,2.9,,960,0,0.0,0,0,8.0,0.749166667
1/25/2015,sweing,10,0.75,22.52,1413.0,10080,69,0.0,0,0,56.0,0.800020563
3/1/2015,sweing,2,0.7,30.33,254.0,1800,0,0.0,0,0,58.0,0.683550607
2/3/2015,sweing,7,0.7,24.26,1639.0,6720,0,0.0,0,0,56.0,0.541517857
2/5/2015,finishing,12,0.8,4.08,,1080,0,0.0,0,0,9.0,0.906666667
3/3/2015,sweing,1,0.7,26.66,1562.0,6960,60,0.0,0,0,58.0,0.800566092
1/20/2015,finishing ,9,0.8,3.94,,1800,0,0.0,0,0,10.0,0.72830303
1/5/2015,finishing ,7,0.8,3.94,,960,0,0.0,0,0,8.0,0.676666667
2/10/2015,sweing,10,0.8,22.52,1268.0,0,88,0.0,0,0,56.0,0.90063244
3/11/2015,sweing,11,0.8,11.41,560.0,3420,50,0.0,0,0,58.0,0.800034503
2/1/2015,sweing,6,0.65,18.79,881.0,3960,26,0.0,0,0,33.0,0.651007071
1/3/2015,sweing,6,0.8,25.9,1152.0,6720,50,0.0,0,0,56.0,0.800125
1/1/2015,sweing,9,0.7,28.08,872.0,6900,44,0.0,0,0,57.5,0.721126957
3/1/2015,finishing,8,0.75,4.6,,3360,0,0.0,0,0,8.0,0.813611111
1/26/2015,finishing ,10,0.75,3.94,,3780,0,0.0,0,0,21.0,0.997792208
1/20/2015,sweing,10,0.7,22.52,1108.0,10080,63,0.0,0,0,56.0,0.750057359
2/2/2015,sweing,6,0.7,18.79,2984.0,3960,30,0.0,0,0,33.0,0.700354545
1/31/2015,finishing ,1,0.75,3.94,,1800,0,0.0,0,0,15.0,0.971866667
2/4/2015,finishing,7,0.7,3.94,,960,0,0.0,0,0,8.0,0.779791667
1/27/2015,finishing ,10,0.8,3.94,,1440,0,0.0,0,0,12.0,0.979527778
3/1/2015,sweing,7,0.8,30.1,934.0,6960,0,3.5,15,0,58.0,0.579511494
1/7/2015,finishing ,5,0.7,4.15,,1440,0,0.0,0,0,8.0,0.330113636
1/14/2015,sweing,2,0.8,51.02,1086.0,4260,27,0.0,0,0,57.0,0.311207464
3/11/2015,sweing,10,0.75,21.82,1674.0,6000,34,0.0,0,0,50.0,0.750608
3/3/2015,finishing,7,0.8,4.6,,4200,0,0.0,0,0,10.0,0.999533333
1/18/2015,finishing ,8,0.8,2.9,,1440,0,0.0,0,0,8.0,0.639867424
2/1/2015,finishing ,12,0.75,4.08,,1080,0,0.0,0,0,9.0,0.702666667
2/10/2015,finishing,12,0.8,4.08,,1080,0,0.0,0,0,9.0,1.004888889
1/1/2015,sweing,6,0.8,25.9,1170.0,1920,50,0.0,0,0,56.0,0.800381944
2/10/2015,sweing,1,0.8,22.52,1546.0,0,88,0.0,0,0,57.0,0.90047076
1/12/2015,sweing,1,0.8,26.16,1099.0,8220,75,0.0,0,0,59.0,0.850522167
1/24/2015,finishing ,4,0.75,4.3,,2160,0,0.0,0,0,12.0,0.651515152
1/11/2015,finishing ,9,0.8,3.94,,1440,0,0.0,0,0,8.0,0.858143939
2/28/2015,sweing,4,0.5,26.66,556.0,6960,23,0.0,0,2,58.0,0.500258046
2/28/2015,sweing,3,0.75,29.4,1144.0,4440,45,0.0,0,2,57.0,0.750716981
1/12/2015,finishing ,6,0.8,2.9,,1440,0,0.0,0,0,8.0,0.817424242
1/11/2015,sweing,8,0.8,25.9,1209.0,10170,60,0.0,0,0,56.5,0.850136766
1/15/2015,sweing,10,0.6,22.52,1076.0,10170,23,0.0,0,0,56.5,0.600291767
3/10/2015,sweing,10,0.75,21.82,1499.0,6000,34,0.0,0,0,50.0,0.750608
1/24/2015,finishing ,2,0.75,3.94,,1440,0,0.0,0,0,8.0,0.578314394
1/1/2015,finishing ,10,0.65,3.94,,960,0,0.0,0,0,8.0,0.705916667
1/28/2015,sweing,1,0.75,22.94,1868.0,6960,81,0.0,0,0,58.0,0.850362069
3/9/2015,sweing,6,0.65,23.41,1262.0,4560,35,0.0,0,1,38.0,0.650962281
2/15/2015,sweing,11,0.65,11.41,700.0,2640,23,0.0,0,2,53.0,0.650223718
1/7/2015,sweing,3,0.8,19.87,924.0,9900,50,0.0,0,0,55.0,0.800273829
1/31/2015,sweing,12,0.75,15.26,1209.0,4200,45,0.0,0,0,35.0,0.750646667
1/10/2015,sweing,10,0.8,28.08,1082.0,10530,63,0.0,0,0,58.5,0.8
1/7/2015,finishing ,2,0.8,3.94,,1440,0,0.0,0,0,8.0,0.813371212
1/20/2015,sweing,2,0.7,22.94,1363.0,10260,50,0.0,0,0,57.0,0.750031898
3/7/2015,finishing,7,0.8,4.6,,6000,0,0.0,0,0,25.0,0.825444444
1/28/2015,sweing,10,0.8,22.52,1175.0,6720,60,0.0,0,0,56.0,0.850532143
3/5/2015,sweing,10,0.7,21.82,1390.0,6000,30,0.0,0,0,50.0,0.700422
1/8/2015,sweing,1,0.8,26.16,1189.0,10620,75,0.0,0,0,59.0,0.850502311
3/1/2015,finishing,4,0.6,3.94,,960,0,0.0,0,0,8.0,0.673083333
3/2/2015,sweing,3,0.8,29.4,1231.0,4680,50,0.0,0,0,57.0,0.800149813
1/20/2015,sweing,6,0.8,11.41,1047.0,5580,63,0.0,0,0,31.0,0.800261486
2/10/2015,sweing,3,0.8,22.52,813.0,0,88,0.0,0,0,57.0,0.90047076
1/5/2015,sweing,6,0.8,11.61,712.0,7200,50,0.0,0,0,32.0,0.800246011
2/19/2015,finishing,4,0.75,5.13,,1920,0,0.0,0,0,8.0,0.684027778
2/23/2015,finishing,2,0.8,5.13,,960,0,0.0,0,0,8.0,0.36871875
1/29/2015,sweing,6,0.5,18.79,717.0,3960,23,0.0,0,0,33.0,0.500117677
2/23/2015,sweing,8,0.7,29.4,1094.0,6840,40,0.0,0,2,57.0,0.700614035
2/9/2015,sweing,8,0.35,30.1,901.0,6960,0,0.0,0,1,58.0,0.350301724
1/1/2015,sweing,5,0.8,11.41,668.0,3660,50,0.0,0,0,30.5,0.707045902
1/26/2015,sweing,1,0.7,22.94,1745.0,10440,60,0.0,0,0,58.0,0.800023511
1/12/2015,finishing ,8,0.8,2.9,,1440,0,0.0,0,0,8.0,0.725
2/26/2015,sweing,10,0.7,21.82,1591.0,3240,0,0.0,0,1,52.0,0.700251773
3/5/2015,sweing,1,0.7,26.82,1373.0,6960,50,0.0,0,0,58.0,0.750651724
2/16/2015,sweing,7,0.7,30.1,784.0,600,30,0.0,0,1,59.0,0.700459889
1/20/2015,sweing,9,0.8,26.16,399.0,10620,63,0.0,0,0,59.0,0.800117103
1/20/2015,sweing,11,0.7,14.89,1501.0,10260,50,0.0,0,0,57.0,0.700170388
3/3/2015,sweing,5,0.7,27.48,573.0,6840,30,0.0,0,0,57.0,0.700659649
1/18/2015,sweing,8,0.8,25.9,1288.0,10170,38,0.0,0,0,56.5,0.800128721
1/3/2015,sweing,4,0.7,23.69,544.0,13800,0,0.0,0,0,60.0,0.700134038
1/4/2015,finishing ,1,0.8,3.94,,960,0,0.0,0,0,8.0,0.915229167
2/18/2015,finishing,12,0.8,5.13,,1200,0,0.0,0,0,10.0,0.9918
2/9/2015,sweing,12,0.8,15.26,970.0,4080,63,0.0,0,0,34.0,0.800401961
2/12/2015,finishing,1,0.8,3.94,,1440,0,0.0,0,0,12.0,0.664875
2/12/2015,sweing,2,0.8,22.52,1327.0,0,113,0.0,0,0,57.5,1.000344928
1/27/2015,finishing ,4,0.8,4.3,,1440,0,0.0,0,0,12.0,0.940625
1/25/2015,sweing,2,0.75,22.94,1636.0,10530,81,0.0,0,0,58.5,0.850223776
3/10/2015,finishing,10,0.7,2.9,,960,0,0.0,0,0,8.0,0.39875
2/28/2015,finishing,10,0.7,2.9,,3360,0,0.0,0,0,8.0,0.410833333
1/17/2015,sweing,3,0.6,22.52,1140.0,10170,30,0.0,0,0,56.5,0.600291767
1/3/2015,sweing,8,0.8,26.16,1261.0,7080,50,0.0,0,0,59.0,0.800318644
2/9/2015,sweing,1,0.8,22.52,1506.0,3600,70,0.0,0,0,57.0,0.900509044
2/8/2015,sweing,4,0.65,30.1,712.0,6780,44,0.0,0,1,56.5,0.568259587
2/17/2015,finishing,9,0.8,3.94,,960,0,0.0,0,0,8.0,0.586041667
1/29/2015,sweing,5,0.65,20.79,1015.0,7080,81,0.0,0,0,59.0,0.800473729
2/10/2015,finishing,8,0.35,4.15,,960,0,0.0,0,0,8.0,0.703770833
1/21/2015,finishing ,2,0.7,3.94,,5100,0,0.0,0,0,17.0,0.912202112
2/22/2015,finishing,7,0.7,5.13,,960,0,0.0,0,0,8.0,0.283958333
1/4/2015,sweing,3,0.75,19.87,734.0,6600,45,0.0,0,0,55.0,0.75024303
1/27/2015,sweing,4,0.8,22.52,1106.0,6780,60,0.0,0,0,56.5,0.850312684
1/13/2015,finishing ,4,0.35,4.3,,2160,0,0.0,0,0,12.0,0.952020202
2/11/2015,sweing,9,0.8,29.12,609.0,3240,50,0.0,0,0,58.0,0.800144144
1/4/2015,finishing ,3,0.75,4.15,,1560,0,0.0,0,0,8.0,0.991388889
1/24/2015,sweing,2,0.75,22.94,1606.0,10260,94,0.0,0,0,57.0,0.90064806
3/10/2015,finishing,5,0.6,3.94,,1440,0,0.0,0,0,12.0,0.909391667
2/18/2015,sweing,9,0.7,18.79,1587.0,4560,30,0.0,0,1,51.0,0.70009573
2/25/2015,sweing,3,0.75,29.4,1283.0,6960,45,0.0,0,2,58.0,0.750206897
2/24/2015,sweing,1,0.6,22.53,708.0,5040,0,0.0,0,1,42.0,0.268214286
1/11/2015,finishing ,10,0.8,3.94,,1440,0,0.0,0,0,8.0,0.828295455
1/11/2015,sweing,7,0.8,25.9,1012.0,10170,45,0.0,0,0,56.5,0.850136766
3/1/2015,finishing,1,0.6,3.94,,3360,0,0.0,0,0,8.0,0.448722222
2/2/2015,sweing,9,0.75,29.12,8992.0,6960,55,0.0,0,0,58.0,0.799963218
3/3/2015,sweing,2,0.4,15.28,157.0,5400,0,6.5,30,1,45.0,0.30277037
1/18/2015,finishing ,11,0.65,4.15,,2160,0,0.0,0,0,12.0,0.838383838
3/8/2015,finishing,8,0.6,3.9,,960,0,0.0,0,0,8.0,0.4509375
2/8/2015,finishing,7,0.7,4.15,,1440,0,0.0,0,0,12.0,0.928680556
2/17/2015,sweing,8,0.6,29.4,179.0,0,23,5.0,30,2,58.0,0.600982906
2/26/2015,sweing,3,0.75,29.4,1244.0,6840,45,0.0,0,2,57.0,0.750473684
3/8/2015,finishing,11,0.8,2.9,,960,0,0.0,0,0,8.0,0.755208333
1/31/2015,sweing,3,0.8,22.52,1136.0,6960,113,0.0,0,0,58.0,1.000457471
3/2/2015,sweing,12,0.8,15.26,1035.0,4080,63,0.0,0,0,34.0,0.800401961
2/22/2015,finishing,1,0.8,3.94,,2880,0,0.0,0,0,12.0,0.727349537
2/11/2015,finishing,4,0.7,4.15,,1800,0,0.0,0,0,15.0,1.033155556
2/12/2015,sweing,4,0.7,30.1,419.0,7080,0,0.0,0,1,59.0,0.637711864
1/3/2015,sweing,5,0.8,11.61,659.0,7080,50,0.0,0,0,31.5,0.800148649
2/2/2015,sweing,1,0.8,22.94,16882.0,7020,113,0.0,0,0,58.5,1.000602279
3/4/2015,sweing,12,0.8,15.26,961.0,4080,50,0.0,0,0,34.0,0.800401961
2/7/2015,finishing,7,0.7,3.94,,1200,0,0.0,0,0,10.0,0.715766667
2/18/2015,finishing,4,0.75,5.13,,960,0,0.0,0,0,8.0,0.734645833
1/12/2015,finishing ,5,0.65,4.15,,1440,0,0.0,0,0,8.0,0.809564394
1/26/2015,sweing,6,0.8,11.61,1072.0,5760,50,0.0,0,0,32.0,0.800386364
1/22/2015,finishing ,7,0.6,3.94,,6000,0,0.0,0,0,10.0,0.957638889
1/3/2015,sweing,10,0.75,19.31,610.0,6480,56,0.0,0,0,54.0,0.787299691
3/7/2015,sweing,1,0.7,26.82,1267.0,8160,70,0.0,0,0,58.0,0.850045
1/19/2015,finishing ,10,0.7,3.94,,1440,0,0.0,0,0,8.0,0.538399621
1/22/2015,finishing ,4,0.75,4.3,,9000,0,0.0,0,0,15.0,0.670216049
3/3/2015,sweing,6,0.75,20.2,402.0,3120,45,0.0,0,0,33.0,0.750212553
2/16/2015,sweing,6,0.75,18.79,895.0,3960,0,0.0,0,0,33.0,0.75065101
1/22/2015,finishing ,10,0.75,3.94,,8400,0,0.0,0,0,14.0,0.940701058
2/18/2015,sweing,3,0.7,30.1,1057.0,0,40,0.0,0,1,58.0,0.700603448
2/17/2015,sweing,5,0.8,30.1,680.0,7140,0,0.0,0,0,59.0,0.653431373
1/1/2015,sweing,12,0.8,11.41,968.0,3660,50,0.0,0,0,30.5,0.800570492
3/10/2015,sweing,11,0.8,11.41,338.0,3420,50,0.0,0,0,58.0,0.800034503
1/25/2015,sweing,7,0.7,22.52,360.0,10170,40,0.0,0,0,56.5,0.7005417
2/19/2015,finishing,8,0.7,5.13,,1920,0,0.0,0,0,8.0,0.672135417
3/4/2015,sweing,10,0.7,21.82,1334.0,5760,30,0.0,0,0,53.0,0.700058333
1/26/2015,sweing,3,0.75,22.52,1584.0,10260,69,0.0,0,0,57.0,0.80035194
1/4/2015,finishing ,9,0.8,3.94,,960,0,0.0,0,0,8.0,0.931645833
1/13/2015,sweing,9,0.8,26.16,1156.0,10620,75,0.0,0,0,59.0,0.850502311
3/7/2015,sweing,10,0.7,21.82,1251.0,6000,30,0.0,0,0,50.0,0.700422
3/9/2015,finishing,4,0.75,3.94,,0,960,0.0,0,0,8.0,0.7953875
2/18/2015,finishing,2,0.8,5.13,,1440,0,0.0,0,0,12.0,0.919125
1/7/2015,finishing ,7,0.8,2.9,,1440,0,0.0,0,0,8.0,0.804640152
1/4/2015,sweing,4,0.8,28.08,878.0,4260,50,0.0,0,0,55.5,0.800598058
1/17/2015,sweing,2,0.6,22.94,865.0,6570,23,0.0,0,0,56.5,0.77011398
1/5/2015,finishing ,10,0.75,2.9,,960,0,0.0,0,0,8.0,0.763375
1/12/2015,sweing,12,0.8,11.61,760.0,4470,50,0.0,0,0,31.5,0.80007657
2/10/2015,sweing,5,0.75,30.1,855.0,7020,45,0.0,0,0,58.0,0.750356125
1/7/2015,finishing ,6,0.8,2.9,,1800,0,0.0,0,0,10.0,0.666515152
3/10/2015,finishing,2,0.7,3.9,,960,0,0.0,0,0,8.0,0.741
1/22/2015,sweing,12,0.6,15.26,1492.0,6960,23,0.0,0,0,34.0,0.600436426
1/13/2015,finishing ,5,0.65,4.15,,1440,0,0.0,0,0,8.0,0.821354167
3/7/2015,finishing,11,0.8,2.9,,960,0,0.0,0,0,8.0,0.657083333
2/5/2015,sweing,5,0.7,30.1,557.0,6960,0,0.0,0,0,58.0,0.562212644
2/8/2015,sweing,12,0.8,15.26,1026.0,2880,63,0.0,0,0,34.0,0.800355208
1/13/2015,sweing,1,0.8,26.16,1073.0,10620,75,0.0,0,0,59.0,0.850502311
3/5/2015,sweing,3,0.8,29.4,797.0,1800,63,0.0,0,0,57.0,0.800534979
3/4/2015,finishing,12,0.8,4.6,,1080,0,0.0,0,0,9.0,0.885925926
2/4/2015,sweing,4,0.35,30.1,287.0,6060,23,150.0,15,0,55.5,0.350706422
2/12/2015,sweing,11,0.5,11.41,1039.0,2280,0,0.0,0,2,55.0,0.50012336
2/9/2015,sweing,9,0.8,29.12,1073.0,6960,50,0.0,0,0,58.0,0.799963218
3/8/2015,sweing,5,0.5,26.82,711.0,7080,23,0.0,0,1,59.0,0.500033898
1/10/2015,sweing,6,0.8,11.41,887.0,5490,50,0.0,0,0,30.5,0.800343766
3/2/2015,finishing,12,0.8,4.6,,3780,0,0.0,0,0,9.0,0.607654321
2/5/2015,finishing,10,0.8,3.94,,960,0,0.0,0,0,8.0,0.771583333
2/23/2015,sweing,12,0.8,15.26,1060.0,4080,63,0.0,0,0,34.0,0.800401961
1/19/2015,sweing,2,0.7,22.94,1006.0,10170,38,0.0,0,0,56.5,0.750517565
2/26/2015,finishing,1,0.5,3.94,,3360,0,0.0,0,0,8.0,0.768847222
3/3/2015,finishing,3,0.8,4.6,,6300,0,0.0,0,0,15.0,0.902962963
2/15/2015,finishing,11,0.6,2.9,,1200,0,0.0,0,0,10.0,0.715333333
2/7/2015,finishing,9,0.8,3.94,,960,0,0.0,0,0,8.0,0.771583333
2/8/2015,sweing,11,0.75,10.05,629.0,3240,45,0.0,0,0,27.0,0.750027778
1/8/2015,sweing,6,0.8,11.41,411.0,14640,50,0.0,0,0,30.5,0.800024932
2/14/2015,sweing,5,0.75,30.1,664.0,7140,56,0.0,0,0,59.0,0.750392157
2/9/2015,sweing,11,0.75,10.05,103.0,0,45,0.0,0,0,54.0,0.750648148
2/2/2015,sweing,11,0.7,20.55,9792.0,6480,60,0.0,0,0,54.0,0.700398148
1/21/2015,finishing ,4,0.75,4.3,,6000,0,0.0,0,0,20.0,0.978525641
3/7/2015,sweing,9,0.75,18.79,1226.0,3480,45,0.0,0,0,51.0,0.749987124
1/10/2015,sweing,11,0.5,12.52,749.0,9540,38,0.0,0,0,53.0,0.673245283
1/12/2015,sweing,4,0.35,22.4,581.0,7350,0,0.0,0,0,51.5,0.35063299
2/23/2015,finishing,8,0.7,5.13,,960,0,0.0,0,0,8.0,0.930416667
1/17/2015,sweing,5,0.7,41.19,1052.0,10440,21,0.0,0,0,58.0,0.452012539
1/24/2015,finishing ,10,0.75,3.94,,1800,0,0.0,0,0,10.0,0.937242424
1/8/2015,sweing,4,0.8,28.08,942.0,10530,75,0.0,0,0,58.5,0.850181818
1/18/2015,sweing,5,0.6,20.4,1031.0,10440,30,0.0,0,0,58.0,0.600062696
1/8/2015,sweing,12,0.8,11.61,548.0,15120,63,0.0,0,0,31.5,0.800107143
2/19/2015,sweing,10,0.7,19.68,1410.0,5760,0,0.0,0,1,48.0,0.249416667
3/2/2015,sweing,6,0.75,18.79,947.0,2880,34,0.0,0,0,33.0,0.750797009
1/25/2015,finishing ,5,0.7,4.15,,3060,0,0.0,0,0,17.0,0.973796791
2/15/2015,sweing,6,0.75,18.79,814.0,4080,0,0.0,0,0,34.0,0.681598039
1/3/2015,finishing ,8,0.8,2.9,,960,0,0.0,0,0,8.0,0.628333333
1/14/2015,sweing,6,0.8,11.61,972.0,5670,38,0.0,0,0,31.5,0.800246753
2/26/2015,sweing,5,0.35,27.48,413.0,6840,38,0.0,0,1,57.0,0.449964912
1/4/2015,finishing ,10,0.7,3.94,,4320,0,0.0,0,0,18.0,0.759228395
1/8/2015,sweing,2,0.8,28.08,783.0,10050,63,0.0,0,0,58.5,0.800497246
2/25/2015,finishing,7,0.75,4.6,,960,0,0.0,0,0,8.0,0.676666667
2/25/2015,finishing,5,0.8,4.6,,1080,0,0.0,0,0,9.0,0.902962963
1/3/2015,finishing ,10,0.7,4.15,,960,0,0.0,0,0,8.0,0.7018125
2/14/2015,finishing,12,0.8,4.08,,1080,0,0.0,0,0,9.0,0.800888889
2/8/2015,sweing,10,0.8,22.52,1388.0,6720,88,0.0,0,0,56.0,0.9008
1/22/2015,sweing,3,0.7,22.52,1244.0,10260,63,0.0,0,0,57.0,0.750068049
2/23/2015,finishing,10,0.8,3.94,,2400,0,0.0,0,0,20.0,0.955791667
2/2/2015,finishing ,6,0.6,2.9,,1200,0,0.0,0,0,10.0,0.280333333
2/15/2015,sweing,2,0.8,22.52,12.0,6900,0,0.0,0,0,57.5,0.432122899
3/10/2015,sweing,4,0.75,26.82,1104.0,5880,65,0.0,0,0,59.0,0.850084211
1/4/2015,finishing ,2,0.8,3.94,,960,0,0.0,0,0,8.0,0.792104167
1/22/2015,sweing,1,0.7,22.94,1384.0,12180,63,0.0,0,0,57.0,0.750162367
3/11/2015,finishing,1,0.75,3.94,,1920,0,0.0,0,0,8.0,0.812625
2/18/2015,sweing,4,0.8,30.1,864.0,480,50,0.0,0,1,58.0,0.800980392
1/18/2015,sweing,6,0.8,11.41,1140.0,5490,63,0.0,0,0,30.5,0.800343766
1/14/2015,finishing ,7,0.8,2.9,,1440,0,0.0,0,0,8.0,0.837594697
3/10/2015,sweing,3,0.8,30.1,756.0,6960,63,0.0,0,1,58.0,0.800071839
1/25/2015,sweing,3,0.75,22.52,1495.0,10350,55,0.0,0,0,57.5,0.800513307
2/17/2015,sweing,4,0.75,30.1,849.0,7020,45,0.0,0,1,58.0,0.750356125
1/3/2015,sweing,11,0.8,11.61,1005.0,7080,50,0.0,0,0,29.5,0.800237288
2/19/2015,finishing,2,0.8,5.13,,3600,0,0.0,0,0,15.0,0.710125
2/23/2015,sweing,7,0.75,30.1,709.0,6960,45,0.0,0,1,58.0,0.750770115
1/14/2015,sweing,9,0.8,26.16,1232.0,10620,75,0.0,0,0,59.0,0.850502311
1/6/2015,finishing ,7,0.8,2.9,,1440,0,0.0,0,0,8.0,0.61625
1/15/2015,sweing,11,0.5,14.89,917.0,9900,30,0.0,0,0,55.0,0.500025069
1/24/2015,finishing ,5,0.7,4.15,,2700,0,0.0,0,0,15.0,0.966666667
1/7/2015,finishing ,4,0.8,3.94,,4440,0,0.0,0,0,18.0,0.827186544
2/14/2015,finishing,9,0.8,3.94,,960,0,0.0,0,0,8.0,0.238041667
1/10/2015,sweing,2,0.8,28.08,749.0,10350,63,0.0,0,0,57.5,0.800594466
1/7/2015,finishing ,10,0.75,3.94,,1440,0,0.0,0,0,8.0,0.805909091
2/15/2015,sweing,8,0.7,30.1,507.0,5880,40,2.0,10,1,59.0,0.700573099
2/8/2015,finishing,1,0.8,3.94,,1200,0,0.0,0,0,10.0,0.893066667
2/15/2015,finishing,6,0.8,2.9,,960,0,0.0,0,0,8.0,0.604166667
3/4/2015,sweing,5,0.7,27.48,586.0,6960,40,0.0,0,0,58.0,0.700424138
1/19/2015,sweing,11,0.7,14.89,1484.0,10260,50,0.0,0,0,57.0,0.700170388
1/15/2015,finishing ,5,0.65,4.15,,1440,0,0.0,0,0,8.0,0.860653409
1/8/2015,sweing,8,0.8,25.9,1026.0,10170,60,0.0,0,0,56.5,0.850136766
2/7/2015,sweing,2,0.8,22.52,1186.0,6900,113,0.0,0,0,58.0,1.000018551
2/9/2015,finishing,8,0.35,4.15,,1800,0,0.0,0,0,15.0,0.707111111
2/23/2015,sweing,9,0.7,18.79,1641.0,6000,40,0.0,0,1,50.0,0.60128
1/10/2015,finishing ,8,0.8,2.9,,1440,0,0.0,0,0,8.0,0.628882576
3/7/2015,sweing,11,0.8,11.41,471.0,3420,50,0.0,0,0,58.0,0.800034503
1/10/2015,sweing,8,0.8,25.9,1158.0,10170,60,0.0,0,0,56.5,0.850136766
1/4/2015,sweing,2,0.8,28.08,782.0,6660,50,0.0,0,0,55.5,0.800237838
1/3/2015,sweing,1,0.8,28.08,772.0,6300,50,0.0,0,0,56.5,0.800725314
3/7/2015,sweing,5,0.7,27.48,541.0,6960,24,0.0,0,1,58.0,0.408960345
1/26/2015,sweing,4,0.8,22.52,1016.0,10170,60,0.0,0,0,56.5,0.850312684
3/1/2015,finishing,9,0.75,2.9,,960,0,0.0,0,0,8.0,0.447083333
1/10/2015,finishing ,4,0.8,3.94,,6000,0,0.0,0,0,20.0,0.911589744
2/1/2015,sweing,9,0.75,29.12,1282.0,6960,45,0.0,0,0,58.0,0.750593103
1/6/2015,sweing,3,0.8,19.87,963.0,9900,50,0.0,0,0,55.0,0.800273829
1/13/2015,finishing ,1,0.8,3.94,,1440,0,0.0,0,0,2.0,0.951420455
2/7/2015,sweing,9,0.8,29.12,829.0,6960,50,0.0,0,0,58.0,0.799963218
1/22/2015,sweing,11,0.7,14.89,1863.0,10260,50,0.0,0,0,57.0,0.700170388
1/3/2015,finishing ,1,0.8,3.94,,960,0,0.0,0,0,8.0,0.902916667
1/17/2015,finishing ,7,0.8,2.9,,1440,0,0.0,0,0,8.0,0.661837121
2/11/2015,finishing,12,0.8,4.08,,1080,0,0.0,0,0,9.0,1.02
1/11/2015,finishing ,1,0.8,3.94,,1440,0,0.0,0,0,8.0,0.873068182
1/6/2015,sweing,11,0.75,19.31,590.0,9900,45,0.0,0,0,55.0,0.750057851
1/3/2015,sweing,3,0.8,28.08,913.0,6540,50,0.0,0,0,54.5,0.800322936
3/1/2015,finishing,3,0.8,4.6,,10500,0,0.0,0,0,25.0,0.936355556
1/20/2015,sweing,8,0.8,25.9,1434.0,10170,50,0.0,0,0,56.5,0.800128721
3/5/2015,finishing,9,0.75,2.9,,960,0,0.0,0,0,8.0,0.453125
2/22/2015,finishing,9,0.8,3.94,,2400,0,0.0,0,0,10.0,0.753525
1/28/2015,sweing,12,0.75,15.26,1429.0,3600,45,0.0,0,0,35.0,0.750283333
2/17/2015,sweing,6,0.75,18.79,726.0,3360,0,0.0,0,0,33.0,0.750621354
2/12/2015,sweing,12,0.8,15.26,894.0,4080,50,0.0,0,0,34.0,0.800401961
2/22/2015,sweing,10,0.7,21.25,1531.0,6000,0,0.0,0,1,50.0,0.456875
2/10/2015,sweing,12,0.8,15.26,900.0,4080,50,0.0,0,0,34.0,0.800401961
1/21/2015,sweing,4,0.75,22.52,825.0,10080,94,0.0,0,0,56.0,0.900556277
2/14/2015,finishing,7,0.7,4.15,,1800,0,0.0,0,0,15.0,0.929277778
2/26/2015,sweing,9,0.75,18.79,1020.0,5640,45,0.0,0,1,52.0,0.750371895
2/3/2015,sweing,4,0.8,22.52,340.0,5460,63,0.0,0,0,56.5,0.800434622
1/14/2015,finishing ,5,0.65,4.15,,1440,0,0.0,0,0,15.0,0.864583333
1/10/2015,sweing,5,0.5,20.79,966.0,7680,0,0.0,0,0,56.0,0.388007813
1/5/2015,sweing,12,0.8,11.61,1037.0,7200,50,0.0,0,0,32.0,0.800246011
2/1/2015,sweing,7,0.7,24.26,1400.0,6720,0,0.0,0,0,56.0,0.411553571
3/3/2015,sweing,8,0.75,29.4,534.0,6840,56,0.0,0,0,57.0,0.750473684
3/10/2015,finishing,8,0.65,3.9,,960,0,0.0,0,0,8.0,0.560625
1/7/2015,sweing,12,0.8,11.61,1120.0,5670,50,0.0,0,0,31.5,0.800246753
1/7/2015,sweing,2,0.8,28.08,776.0,10350,63,0.0,0,0,57.5,0.800594466
1/31/2015,finishing ,2,0.8,3.94,,1200,0,0.0,0,0,10.0,0.971866667
2/24/2015,sweing,8,0.7,29.4,1079.0,4560,40,0.0,0,2,58.0,0.700518519
1/1/2015,sweing,7,0.8,25.9,984.0,6720,38,0.0,0,0,56.0,0.800125
1/27/2015,sweing,5,0.5,20.79,1455.0,6960,30,0.0,0,0,58.0,0.500035345
2/23/2015,finishing,6,0.8,2.9,,960,0,0.0,0,0,8.0,0.3715625
3/11/2015,sweing,3,0.8,30.1,735.0,6960,63,0.0,0,1,58.0,0.800071839
1/5/2015,sweing,8,0.8,25.9,1047.0,6780,38,0.0,0,0,56.5,0.800684366
1/1/2015,finishing ,8,0.75,2.9,,960,0,0.0,0,0,8.0,0.676666667
3/11/2015,sweing,6,0.7,23.41,1128.0,4560,40,0.0,0,1,38.0,0.700246491
2/19/2015,sweing,5,0.8,30.1,276.0,600,63,3.5,15,0,59.5,0.799982853
1/21/2015,sweing,7,0.5,22.52,1720.0,10080,23,0.0,0,0,56.0,0.500241342
1/5/2015,sweing,10,0.75,28.08,1083.0,7020,45,0.0,0,0,58.5,0.7504
3/8/2015,sweing,10,0.7,21.82,1335.0,6000,30,0.0,0,0,50.0,0.700422
3/9/2015,sweing,10,0.7,21.82,1576.0,6000,30,0.0,0,0,50.0,0.700422
1/28/2015,finishing ,6,0.35,2.9,,1800,0,0.0,0,0,15.0,0.977555556
3/2/2015,sweing,1,0.65,26.66,1527.0,6840,65,0.0,0,0,57.0,0.800579532
3/9/2015,sweing,12,0.8,15.26,1132.0,4080,63,0.0,0,0,34.0,0.800401961
2/7/2015,sweing,5,0.7,30.1,687.0,7500,0,0.0,0,0,59.0,0.545657673
1/4/2015,sweing,11,0.75,19.31,513.0,6480,45,0.0,0,0,54.0,0.750348457
1/27/2015,sweing,1,0.75,22.94,1871.0,6960,55,0.0,0,0,58.0,0.800263218
1/15/2015,sweing,7,0.8,25.9,1281.0,10170,60,0.0,0,0,56.5,0.850136766
3/4/2015,finishing,5,0.7,4.6,,960,0,0.0,0,0,8.0,0.592083333
2/3/2015,finishing ,1,0.8,3.94,,1200,0,0.0,0,0,10.0,0.99485
2/15/2015,finishing,1,0.8,3.94,,960,0,0.0,0,0,8.0,1.1204375
1/29/2015,sweing,11,0.6,20.1,1601.0,4320,46,0.0,0,0,51.0,0.60059761
1/31/2015,sweing,5,0.7,50.89,282.0,5880,56,0.0,0,0,59.0,0.656763743
2/11/2015,sweing,3,0.8,22.52,11.0,6840,0,0.0,0,1,57.0,0.536901754
1/4/2015,sweing,5,0.7,45.67,884.0,6960,26,0.0,0,0,58.0,0.603432184
1/29/2015,finishing ,6,0.5,2.9,,1200,0,0.0,0,0,10.0,0.899
3/3/2015,finishing,2,0.4,3.9,,6300,0,0.0,0,0,15.0,0.567377778
1/10/2015,finishing ,7,0.8,2.9,,1440,0,0.0,0,0,8.0,0.670075758
3/4/2015,sweing,1,0.7,26.82,1772.0,6960,50,0.0,0,0,58.0,0.750651724
1/19/2015,sweing,5,0.65,20.4,1255.0,8280,35,0.0,0,0,58.0,0.650066445
3/8/2015,finishing,1,0.75,3.94,,960,0,0.0,0,0,8.0,0.890604167
3/1/2015,finishing,10,0.7,2.9,,3360,0,0.0,0,0,8.0,0.664583333
1/14/2015,finishing ,3,0.8,4.15,,1440,0,0.0,0,0,7.0,0.820833333
1/22/2015,sweing,4,0.75,22.52,759.0,10080,81,0.0,0,0,56.0,0.849983766
2/25/2015,sweing,11,0.75,11.61,635.0,3360,45,0.0,0,0,57.0,0.750503571
1/27/2015,sweing,8,0.65,15.09,976.0,240,23,0.0,0,0,52.0,0.650307143
1/29/2015,finishing ,4,0.8,4.3,,1200,0,0.0,0,0,10.0,0.989
3/11/2015,finishing,11,0.8,2.9,,2400,0,0.0,0,0,10.0,0.874027778
2/18/2015,sweing,7,0.75,30.1,553.0,2280,45,0.0,0,1,59.0,0.75053268
2/7/2015,finishing,2,0.8,3.94,,3000,0,0.0,0,0,25.0,1.050666667
2/4/2015,finishing,6,0.7,2.9,,960,0,0.0,0,0,8.0,0.531666667
2/2/2015,sweing,2,0.8,22.52,21385.0,7020,88,0.0,0,0,58.5,0.900158405
1/8/2015,finishing ,5,0.7,4.15,,3840,0,0.0,0,0,8.0,0.821354167
1/18/2015,sweing,10,0.7,22.52,1002.0,10080,40,0.0,0,0,56.0,0.700094156
2/1/2015,finishing ,6,0.6,2.9,,1200,0,0.0,0,0,10.0,0.314166667
2/18/2015,finishing,6,0.8,2.9,,1440,0,0.0,0,0,12.0,0.936861111
2/11/2015,sweing,12,0.8,15.26,854.0,4080,50,0.0,0,0,34.0,0.800401961
2/2/2015,finishing ,10,0.8,3.94,,1200,0,0.0,0,0,10.0,0.85695
1/29/2015,sweing,4,0.8,22.52,1444.0,6900,88,0.0,0,0,57.5,0.9008
2/26/2015,sweing,4,0.8,30.1,437.0,7080,32,0.0,0,2,59.0,0.495617514
1/13/2015,sweing,11,0.7,27.13,530.0,9540,37,0.0,0,0,53.0,0.582301029
2/5/2015,finishing,1,0.8,3.94,,1440,0,0.0,0,0,12.0,0.845458333
3/1/2015,sweing,11,0.8,11.61,347.0,0,50,4.0,20,0,57.0,0.682433036
1/25/2015,sweing,12,0.7,15.26,1296.0,6120,40,0.0,0,0,34.0,0.70043672
2/22/2015,sweing,8,0.7,29.4,1146.0,6840,40,0.0,0,2,57.0,0.700614035
1/11/2015,sweing,4,0.8,50.48,562.0,10440,0,0.0,0,0,58.0,0.473134796
2/18/2015,sweing,8,0.65,29.4,962.0,4560,0,4.5,30,2,57.0,0.251399254
1/10/2015,finishing ,9,0.8,3.94,,1440,0,0.0,0,0,8.0,0.858143939
2/9/2015,finishing,12,0.8,4.08,,1080,0,0.0,0,0,9.0,0.272
1/25/2015,sweing,8,0.5,15.09,1557.0,720,23,0.0,0,0,52.0,0.500061916
2/18/2015,finishing,7,0.7,5.13,,960,0,0.0,0,0,8.0,0.671875
2/8/2015,sweing,6,0.75,18.79,670.0,3960,34,0.0,0,0,33.0,0.75065101
1/14/2015,finishing ,10,0.8,3.94,,1260,0,0.0,0,0,8.0,0.332359307
1/17/2015,finishing ,5,0.65,4.15,,2700,0,0.0,0,0,15.0,0.98719697
2/26/2015,finishing,9,0.75,2.9,,960,0,0.0,0,0,8.0,0.4078125
1/11/2015,sweing,3,0.8,19.87,1043.0,6420,0,0.0,0,0,55.0,0.690182815
2/9/2015,finishing,9,0.8,3.94,,960,0,0.0,0,0,8.0,0.697708333
1/31/2015,sweing,8,0.5,23.54,1144.0,6480,0,0.0,0,0,54.0,0.286984568
2/7/2015,sweing,3,0.8,22.52,1060.0,6840,100,0.0,0,0,57.0,0.950185965
2/2/2015,sweing,4,0.8,22.52,23122.0,5940,50,0.0,0,0,56.5,0.800393224
2/3/2015,sweing,10,0.8,22.52,1188.0,6720,90,0.0,0,0,56.0,0.999995238
1/22/2015,finishing ,1,0.7,3.94,,15000,0,0.0,0,0,25.0,0.649662222
1/8/2015,finishing ,11,0.8,4.15,,900,0,0.0,0,0,5.0,0.515606061
1/19/2015,sweing,12,0.35,15.26,1111.0,6120,23,0.0,0,0,34.0,0.35021836
3/8/2015,finishing,6,0.6,2.9,,960,0,0.0,0,0,8.0,0.271875
1/31/2015,sweing,4,0.8,22.52,1432.0,6660,88,0.0,0,0,57.5,0.900537069
1/12/2015,finishing ,10,0.8,3.94,,1440,0,0.0,0,0,8.0,0.24625
3/3/2015,finishing,5,0.7,4.6,,3360,0,0.0,0,0,8.0,0.354444444
3/11/2015,finishing,6,0.7,2.9,,720,0,0.0,0,0,6.0,0.394722222
2/16/2015,sweing,8,0.7,30.1,7.0,7080,27,2.0,10,2,59.0,0.621971751
2/24/2015,finishing,9,0.7,2.9,,1800,0,0.0,0,0,15.0,0.726933333
2/12/2015,finishing,5,0.7,4.15,,240,0,0.0,0,0,2.0,0.58
1/12/2015,finishing ,2,0.8,3.94,,1440,0,0.0,0,0,8.0,0.880530303
3/11/2015,sweing,5,0.7,26.82,992.0,6960,30,0.0,0,1,58.0,0.700556897
2/15/2015,finishing,8,0.7,4.15,,960,0,0.0,0,0,8.0,0.605208333
1/28/2015,finishing ,7,0.6,3.94,,960,0,0.0,0,0,8.0,0.406354167
2/3/2015,sweing,9,0.75,29.12,1070.0,6960,34,0.0,0,0,58.0,0.750593103
1/1/2015,sweing,4,0.65,23.69,861.0,7200,0,0.0,0,0,60.0,0.52118
2/11/2015,sweing,2,0.8,22.52,1557.0,0,90,0.0,0,0,57.5,1.000344928
1/22/2015,sweing,5,0.7,20.4,1480.0,10440,40,0.0,0,0,58.0,0.700250784
1/3/2015,sweing,12,0.8,26.16,844.0,7080,63,0.0,0,0,59.0,0.800318644
1/15/2015,sweing,2,0.5,22.94,1044.0,9810,23,0.0,0,0,54.5,0.499998888
2/16/2015,sweing,3,0.65,30.1,1263.0,600,63,0.0,0,1,58.0,0.802243319
2/5/2015,sweing,6,0.7,18.79,766.0,2760,30,0.0,0,0,33.0,0.700079032
1/24/2015,finishing ,8,0.8,2.9,,1620,0,0.0,0,0,9.0,0.910521886
2/22/2015,finishing,2,0.8,5.13,,4800,0,0.0,0,0,20.0,0.8300625
1/13/2015,sweing,12,0.8,11.61,1063.0,5670,50,0.0,0,0,31.5,0.800246753
2/19/2015,sweing,2,0.65,30.33,841.0,6840,0,0.0,0,1,57.0,0.585315789
1/19/2015,finishing ,5,0.65,4.15,,1440,0,0.0,0,0,8.0,0.958901515
2/9/2015,sweing,3,0.8,22.52,1271.0,5400,50,0.0,0,0,57.0,0.800161172
1/8/2015,sweing,5,0.7,42.41,724.0,10260,0,0.0,0,0,57.0,0.233705476
2/16/2015,finishing,5,0.75,4.15,,1200,0,0.0,0,0,10.0,0.629416667
2/11/2015,sweing,7,0.6,30.1,829.0,3360,23,0.0,0,1,58.0,0.600070513
3/1/2015,sweing,4,0.6,26.66,692.0,6840,23,0.0,0,0,57.0,0.600239766
1/14/2015,finishing ,11,0.8,4.15,,1980,0,0.0,0,0,7.0,0.934607438
1/28/2015,sweing,6,0.35,18.79,511.0,1800,23,0.0,0,0,32.0,0.437995338
2/3/2015,sweing,5,0.6,30.1,415.0,6960,0,0.0,0,0,58.0,0.415172414
1/26/2015,finishing ,12,0.7,4.08,,1620,0,0.0,0,0,9.0,0.769292929
3/4/2015,finishing,8,0.8,4.6,,960,0,0.0,0,0,8.0,0.930416667
3/1/2015,sweing,8,0.75,29.4,622.0,6240,56,0.0,0,0,57.0,0.75075
1/7/2015,sweing,1,0.8,26.16,1179.0,10620,75,0.0,0,0,59.0,0.850502311
1/20/2015,sweing,7,0.35,22.94,1450.0,10080,30,0.0,0,0,56.0,0.400332792
1/31/2015,finishing ,10,0.8,3.94,,1200,0,0.0,0,0,10.0,0.971866667
2/7/2015,sweing,7,0.7,24.26,658.0,6960,0,270.0,45,0,58.0,0.662270115
1/22/2015,sweing,9,0.5,29.12,970.0,10440,30,0.0,0,0,58.0,0.500547544
1/26/2015,sweing,10,0.75,22.52,1250.0,10080,55,0.0,0,0,56.0,0.800020563
1/6/2015,sweing,4,0.8,28.08,925.0,10350,50,0.0,0,0,57.5,0.800594466
1/15/2015,finishing ,4,0.35,4.3,,3600,0,0.0,0,0,20.0,0.988636364
2/1/2015,sweing,12,0.75,15.26,1276.0,1440,45,0.0,0,0,35.0,0.750450658
2/9/2015,finishing,1,0.8,3.94,,1200,0,0.0,0,0,10.0,0.962016667
3/9/2015,finishing,12,0.8,4.6,,0,1080,0.0,0,0,9.0,0.902962963
1/11/2015,finishing ,3,0.75,4.15,,1440,0,0.0,0,0,8.0,0.93532197
1/14/2015,sweing,10,0.5,22.4,947.0,3390,23,0.0,0,0,56.5,0.499980334
2/12/2015,finishing,4,0.7,4.15,,1800,0,0.0,0,0,15.0,1.096633333
2/4/2015,finishing,2,0.8,3.94,,2160,0,0.0,0,0,18.0,0.966759259
1/14/2015,finishing ,8,0.8,2.9,,1440,0,0.0,0,0,8.0,0.667329545
1/18/2015,sweing,4,0.7,22.52,882.0,10170,50,0.0,0,0,56.5,0.7005417
2/1/2015,finishing ,2,0.8,3.94,,1200,0,0.0,0,0,10.0,0.912766667
1/24/2015,finishing ,9,0.6,3.94,,1440,0,0.0,0,0,8.0,0.261174242
3/10/2015,sweing,6,0.7,23.41,1180.0,4560,30,0.0,0,1,38.0,0.700246491
3/2/2015,finishing,3,0.8,4.6,,10080,0,0.0,0,0,24.0,0.86037037
1/25/2015,finishing ,7,0.65,3.94,,2520,0,0.0,0,0,14.0,0.749188312
1/11/2015,finishing ,8,0.8,2.9,,1440,0,0.0,0,0,8.0,0.653598485
2/19/2015,finishing,10,0.8,3.94,,2400,0,0.0,0,0,10.0,0.733277778
2/17/2015,finishing,4,0.75,5.13,,960,0,0.0,0,0,8.0,0.656666667
2/24/2015,finishing,8,0.7,4.6,,960,0,0.0,0,0,8.0,0.791458333
2/28/2015,finishing,5,0.8,4.6,,7560,0,0.0,0,0,18.0,0.921604938
1/15/2015,sweing,12,0.8,11.61,1216.0,4950,50,0.0,0,0,31.5,0.80003139
2/22/2015,finishing,11,0.6,2.9,,2880,0,0.0,0,0,12.0,0.805555556
2/26/2015,sweing,7,0.8,30.1,694.0,4080,50,0.0,0,1,59.0,0.800808642
2/10/2015,sweing,9,0.8,29.12,1263.0,2160,38,0.0,0,0,58.0,0.8008
2/5/2015,sweing,11,0.75,10.05,668.0,2520,34,0.0,0,0,26.0,0.7504
1/10/2015,sweing,1,0.8,26.16,1335.0,10620,63,0.0,0,0,59.0,0.800117103
1/24/2015,finishing ,1,0.7,3.94,,1440,0,0.0,0,0,8.0,0.578314394
3/7/2015,sweing,3,0.8,29.4,983.0,6840,63,0.0,0,1,57.0,0.800578947
1/6/2015,sweing,12,0.8,11.61,1101.0,5310,50,0.0,0,0,31.5,0.800140969
1/6/2015,sweing,6,0.8,11.61,910.0,4470,38,0.0,0,0,31.5,0.80007657
1/1/2015,finishing ,2,0.75,3.94,,960,0,0.0,0,0,8.0,0.755166667
2/22/2015,sweing,11,0.75,11.41,834.0,3480,0,0.0,0,2,58.0,0.672140805
2/17/2015,sweing,9,0.65,18.79,2120.0,5520,0,0.0,0,1,51.0,0.650134
3/2/2015,finishing,4,0.65,3.94,,960,0,0.0,0,0,8.0,0.806879167
1/12/2015,sweing,2,0.8,28.08,737.0,10530,63,0.0,0,0,58.5,0.8
2/17/2015,sweing,1,0.8,22.52,1445.0,6840,113,0.0,0,0,57.0,1.000230409
2/9/2015,sweing,5,0.7,30.1,773.0,7020,40,0.0,0,0,58.0,0.700618234
2/22/2015,sweing,6,0.75,18.79,1055.0,3960,45,0.0,0,0,33.0,0.75065101
1/14/2015,sweing,8,0.8,25.9,1218.0,10170,60,0.0,0,0,56.5,0.850136766
2/4/2015,sweing,7,0.7,24.26,1471.0,6960,0,0.0,0,0,58.0,0.700612069
1/13/2015,sweing,2,0.8,28.08,723.0,10530,50,0.0,0,0,58.5,0.8
1/15/2015,sweing,1,0.8,26.16,1160.0,10620,75,0.0,0,0,59.0,0.850502311
2/24/2015,sweing,5,0.8,30.1,450.0,7140,50,0.0,0,0,60.0,0.800137255
1/21/2015,finishing ,1,0.65,3.94,,2400,0,0.0,0,0,8.0,0.505128205
2/28/2015,finishing,3,0.8,4.6,,6300,0,0.0,0,0,15.0,0.921703704
2/23/2015,sweing,3,0.7,29.4,1228.0,6960,30,0.0,0,2,58.0,0.700362069
3/9/2015,sweing,2,0.7,16.1,817.0,5520,30,0.0,0,1,45.0,0.700516224
1/12/2015,sweing,8,0.8,25.9,1233.0,10170,60,0.0,0,0,56.5,0.850136766
2/11/2015,sweing,11,0.35,11.41,434.0,3240,0,0.0,0,1,52.0,0.507903226
3/9/2015,sweing,11,0.8,11.41,357.0,3420,50,0.0,0,0,58.0,0.800034503
2/16/2015,sweing,11,0.7,11.41,680.0,2160,30,0.0,0,2,54.0,0.565972222
2/22/2015,finishing,6,0.8,2.9,,960,0,0.0,0,0,8.0,0.8319375
1/24/2015,sweing,10,0.75,22.52,1332.0,10080,69,0.0,0,0,56.0,0.80062987
3/2/2015,finishing,8,0.75,4.6,,3360,0,0.0,0,0,8.0,0.773333333
3/1/2015,sweing,3,0.75,29.4,1143.0,6840,45,0.0,0,0,57.0,0.750473684
2/4/2015,sweing,6,0.7,18.79,941.0,3360,30,0.0,0,0,33.0,0.700710417
1/11/2015,finishing ,6,0.8,2.9,,1440,0,0.0,0,0,8.0,0.597348485
2/23/2015,finishing,12,0.8,5.13,,1080,0,0.0,0,0,9.0,0.9025
1/19/2015,sweing,7,0.8,48.84,1040.0,10260,30,0.0,0,0,57.0,0.576460393
1/18/2015,sweing,7,0.8,48.84,624.0,10170,50,0.0,0,0,56.5,0.800128721
1/15/2015,finishing ,10,0.8,3.94,,3420,0,0.0,0,0,19.0,0.953110048
1/8/2015,finishing ,7,0.8,2.9,,1440,0,0.0,0,0,8.0,0.681060606
2/18/2015,sweing,5,0.8,30.1,511.0,0,0,0.0,0,0,59.0,0.800980392
2/5/2015,sweing,12,0.8,15.26,1083.0,720,38,0.0,0,0,34.0,0.800612676
2/10/2015,finishing,1,0.8,3.94,,1440,0,0.0,0,0,12.0,0.853666667
1/17/2015,sweing,6,0.8,11.41,1067.0,5490,63,0.0,0,0,30.5,0.800343766
2/24/2015,sweing,10,0.7,21.25,1834.0,6360,0,0.0,0,1,53.0,0.471108491
3/7/2015,finishing,8,0.8,4.6,,3600,0,0.0,0,0,15.0,0.590740741
2/25/2015,finishing,8,0.7,4.6,,960,0,0.0,0,0,8.0,0.658541667
1/1/2015,sweing,10,0.75,19.31,578.0,6480,45,0.0,0,0,54.0,0.712205247
1/1/2015,sweing,2,0.75,19.87,733.0,6000,34,0.0,0,0,55.0,0.753097531
2/23/2015,sweing,5,0.8,30.1,541.0,7140,38,0.0,0,0,59.0,0.800137255
2/3/2015,sweing,8,0.7,24.26,1363.0,6660,0,0.0,0,0,55.5,0.586465465
2/10/2015,finishing,2,0.8,3.94,,2160,0,0.0,0,0,18.0,0.966759259
1/31/2015,finishing ,6,0.6,3.94,,1200,0,0.0,0,0,10.0,0.971866667
2/23/2015,sweing,2,0.7,30.33,577.0,2160,30,0.0,0,1,58.0,0.700623
1/27/2015,finishing ,1,0.75,3.94,,1200,0,0.0,0,0,10.0,0.77815
1/8/2015,finishing ,4,0.8,3.94,,12600,0,0.0,0,0,20.0,0.919905405
2/12/2015,sweing,5,0.75,30.1,610.0,7080,56,0.0,0,0,59.0,0.750799435
3/2/2015,finishing,1,0.65,3.94,,3360,0,0.0,0,0,8.0,0.537919444
1/4/2015,finishing ,8,0.8,2.9,,960,0,0.0,0,0,8.0,0.682708333
2/26/2015,finishing,12,0.8,4.6,,3780,0,0.0,0,0,9.0,0.590617284
3/8/2015,sweing,1,0.75,26.82,1254.0,6960,65,0.0,0,0,58.0,0.85007069
1/3/2015,finishing ,2,0.8,4.15,,960,0,0.0,0,0,8.0,0.782447917
1/13/2015,sweing,10,0.35,22.4,715.0,10170,23,0.0,0,0,56.5,0.35020649
3/10/2015,finishing,12,0.8,4.6,,1080,0,0.0,0,0,9.0,0.92
1/17/2015,finishing ,9,0.8,3.94,,1800,0,0.0,0,0,10.0,0.82680303
2/3/2015,sweing,2,0.8,22.52,1452.0,6960,100,0.0,0,0,58.0,0.949981609
2/25/2015,sweing,2,0.7,30.33,361.0,3960,30,0.0,0,1,58.0,0.700069811
1/21/2015,sweing,3,0.7,22.52,1139.0,10260,63,0.0,0,0,57.0,0.750068049
1/14/2015,finishing ,9,0.8,3.94,,1440,0,0.0,0,0,8.0,0.858143939
2/4/2015,finishing,1,0.8,3.94,,1200,0,0.0,0,0,10.0,0.929183333
1/6/2015,sweing,2,0.8,28.08,716.0,10350,50,0.0,0,0,57.5,0.800594466
1/12/2015,sweing,5,0.65,20.79,1141.0,8460,0,0.0,0,0,59.0,0.650040783
1/20/2015,finishing ,5,0.7,4.15,,1440,0,0.0,0,0,8.0,1.033570076
3/2/2015,sweing,7,0.8,30.1,616.0,7080,0,0.0,0,0,59.0,0.800115819
2/16/2015,sweing,12,0.8,15.26,1079.0,3720,38,0.0,0,0,34.0,0.800312375
2/8/2015,sweing,5,0.7,30.1,754.0,7020,0,0.0,0,0,58.5,0.700618234
1/18/2015,finishing ,6,0.8,2.9,,1800,0,0.0,0,0,10.0,0.804848485
2/26/2015,sweing,12,0.8,15.26,1065.0,4080,63,0.0,0,0,34.0,0.800401961
3/5/2015,finishing,1,0.7,3.94,,960,0,0.0,0,0,8.0,0.812625
1/6/2015,finishing ,3,0.75,4.15,,1800,0,0.0,0,0,10.0,0.899166667
1/11/2015,finishing ,7,0.8,2.9,,1440,0,0.0,0,0,8.0,0.590435606
1/3/2015,finishing ,7,0.8,3.94,,960,0,0.0,0,0,8.0,0.6253125
1/29/2015,sweing,3,0.8,22.52,1287.0,6840,100,0.0,0,0,57.0,0.950185965
2/5/2015,finishing,6,0.7,2.9,,960,0,0.0,0,0,8.0,0.9425
